X1,X2,X3,X4,X5,X6,X7
-4.972498393,0.656429924,-6.286532898,-3.001839476,-6.139424859,0.412384579,-1.444414489
-3.428215295,0.33431897,-5.212507506,-0.973088188,-1.354641953,-0.140451421,-0.671660485
-6.390164495,-4.123788426,-10.99477766,2.928479499,-7.230614695,-0.253471654,-7.809416755
0.998473844,-3.513772024,3.835049975,0.974748419,0.458630781,2.951731121,1.75322967
12.44143598,6.023641621,16.49776379,1.023783741,9.832916877,-2.231661805,4.617424256
-13.13209951,-9.482426505,-9.193639868,0.138422287,-7.009783477,2.675666947,-4.144347589
4.434821227,5.169240591,3.870372056,-1.33684334,4.450755811,-2.819646393,0.829982639
-1.582371375,-0.627896824,-6.063880582,-1.076694684,-5.390820113,-0.711790084,-4.714887134
-7.602130349,-9.636896322,-6.092509705,-0.403455059,-3.251334206,2.342807043,0.380320747
-4.955823627,-1.258934431,-2.500465574,2.349095852,-1.420732151,2.807114587,-0.2395508
-4.921618354,-4.46239466,-6.200426214,-1.32668322,-4.442796781,1.153824604,-1.559226123
-10.52380057,-7.406928199,-7.097155596,-1.317048424,-2.832739915,1.147796117,0.463830539
3.364966262,-1.308247305,7.604382837,-2.581056099,4.179205297,-3.592778443,2.868900433
-2.277376547,-2.625570622,-2.78382993,-1.411345643,-0.146317217,-0.276230038,-0.533348741
-2.77908285,-0.22525373,-7.365323852,0.905414453,-4.400774628,2.579486413,-2.110012721
-9.564110673,-6.78832513,-10.51975137,0.436958972,-2.983174694,-1.402366057,-3.824749766
-14.92047693,-8.750216428,-19.02901325,1.327346115,-10.90638837,2.317492567,-5.477741217
-8.707606525,-6.916302667,-9.105672155,-0.330536258,-5.074460107,1.495963482,-2.118509357
-7.323227122,-2.347783163,-6.390179263,-0.316702242,-3.797989401,4.157416768,1.535987434
-3.207559366,-0.856675443,-2.969482867,1.269300926,-2.853699213,2.223822242,-0.800521255
10.03120455,8.145177606,7.098657344,0.284120995,-1.336559831,2.88300145,1.482095162
5.346631804,4.53329144,8.909181882,0.940709066,1.471922948,2.516168606,1.277893049
4.959838976,5.832448773,6.407545561,0.101969604,1.334869342,0.290546787,1.533038882
10.3796456,6.064541816,11.75009312,0.525405671,6.407946893,-5.843527883,-2.068055789
-7.876814746,-4.659327922,-6.274271843,0.697000294,-3.56264677,1.786008719,-0.5724606
-7.62945965,-4.598892856,-11.92502968,-0.201218841,-7.545697925,1.143667398,-3.190995007
9.559623781,4.997573535,7.90969236,1.258315566,7.055459777,-0.655375684,3.298127535
5.462984885,7.130808821,7.773709078,3.905882614,4.068203289,-0.656544733,-2.389903002
4.71455595,5.372710611,5.149780188,1.659437689,5.48918058,2.570114,4.070776805
10.40269111,1.737169033,7.510673608,-1.650676265,2.075906167,-1.278162271,2.208230532
-6.236446883,-6.962066084,-4.881031097,-0.691544428,-3.872573737,1.208920242,-2.611511402
-4.630878246,-6.956199474,-2.756364032,0.205308327,-0.384976057,1.110368873,0.433417939
3.184341823,2.011871813,5.803638805,1.762739275,6.077009431,0.158521996,3.440483476
4.906398922,4.209750172,0.439304511,0.254680107,0.018133948,-0.021679204,-0.134819357
-2.244324853,-2.917907822,2.670027218,1.238932671,0.176077739,-0.499952459,-2.189990757
11.37800812,5.977839826,8.634060525,-1.552036214,2.81982412,-0.775562214,3.791749133
2.528037072,3.021948646,0.697035635,-1.54811662,0.968117126,-1.530917532,0.167013927
3.065477447,0.552382667,3.450683431,0.876126653,1.957734434,2.977348069,1.627111656
10.95236798,6.073317928,5.995504435,0.979318811,2.019701808,-2.026732403,-0.743210675
6.273217478,-0.051731922,7.125152899,1.246402888,6.672404167,-1.441073064,0.691425711
-5.799693921,3.664482713,-3.935052491,0.550937473,-3.199366696,2.069894941,-1.640981174
0.41723478,2.270335911,-0.568366617,0.425324148,-3.977671019,1.291570728,-2.442095844
4.688095156,5.231028782,5.139274736,-1.697628213,2.503636873,-2.337469549,1.532354206
-4.13540975,-3.453299337,-3.437087548,-2.731932115,-3.224978465,0.955330422,-0.00980845
-1.942817293,3.400847127,1.178998907,-0.745185208,2.992170791,-4.23733258,-0.585670537
-1.05920746,-5.169076525,0.178413934,1.387195396,0.361548864,2.193621219,0.945906822
-8.964920516,-10.46465351,-4.621412508,-0.397808973,-1.872280325,-1.053934689,-2.063919041
9.721425283,9.34532675,9.553612752,-0.207965811,6.691711211,0.379105227,4.618197116
3.944022596,7.034375826,1.593389959,-0.057689802,0.831664962,0.795220698,1.823842545
0.898436193,2.599837544,6.955090085,0.778165026,4.043122427,-0.055943383,2.3760985
3.046008297,-0.541860176,5.672911452,1.108208259,1.041258975,1.505697176,1.205034759
1.24734752,-0.57034601,0.071063267,-0.530698766,-0.95567757,0.111787829,0.648174752
0.204192125,12.23649276,2.06684869,0.404441144,-0.036620155,-1.653632826,-1.357241902
2.052863131,3.333667369,0.294878645,-1.604668026,1.246826829,-2.439255084,-1.393104907
-7.437356854,-3.837029722,-10.55101951,-2.26829702,-4.508181107,0.172583071,-1.386120976
4.843440245,3.849655698,4.942113825,0.137612522,1.209838618,-1.440409484,-1.092623285
2.163616465,5.322685149,-0.454373336,1.128031509,-0.847321469,-0.934714497,-2.918498046
10.43972777,5.249367824,10.94718464,-0.132986945,7.937246517,-1.417855188,5.343950384
1.95281074,1.011538473,2.011956177,-0.552322539,3.808810675,-2.279670149,0.979310726
6.140103841,2.589784102,2.854647648,0.134236044,2.505560529,0.679520219,2.531122178
-0.224202836,2.385414591,-3.474467986,-0.352381696,-2.343465424,0.065747329,-2.144007581
-4.518201165,-8.770683174,-5.82006629,-2.101651889,-3.359595511,-3.243280839,-3.461847455
8.482026254,5.119008393,7.657431442,0.37070182,5.672944609,0.248638885,4.892548232
-5.565014484,-6.666482478,-4.367536058,-0.165729282,-3.342588919,0.658699897,-0.880403215
12.53445372,10.46482499,12.46909556,2.110930045,8.094603555,-2.604408912,1.343466068
0.853890002,8.641515761,-0.011848681,-0.440606604,0.034251256,1.903910822,1.812439492
-0.68896514,1.586342961,-1.369247278,0.332458818,0.010529492,2.170415856,1.339080263
2.406979879,2.814974756,4.34487801,3.853592635,2.016017456,1.597004167,1.206110251
-0.002072697,0.406635413,-4.001133468,1.079922904,-4.085136331,0.282666738,-3.670175079
3.694665741,2.644897957,2.984274892,1.747445145,-0.731301837,2.533072463,0.641817732
4.482978954,-0.565411575,2.833311922,1.969598742,0.218509768,2.875169654,0.264085729
-15.00813859,-7.434551389,-18.93264044,0.802631746,-8.843475644,0.392626382,-7.477765759
4.590163985,5.246454662,2.868586721,2.095287095,1.579086562,0.292658291,-0.387702725
-13.40280218,-8.674965894,-13.233829,0.153824313,-10.33362691,-1.02179329,-7.394234705
-7.893238302,-7.145114928,-4.717537731,-0.096051256,-3.278579236,1.916736776,-1.013550047
-6.487713526,-0.866523274,-8.089569376,0.419527299,-5.797197379,-0.751174595,-5.3566511
1.779800355,2.991534673,2.1819522,-0.429729117,4.28904863,-0.347462285,2.233815279
21.18287152,12.86189851,26.29703509,2.25668626,17.26574387,-2.824773871,7.059688286
6.610895659,4.572237587,7.0484831,-0.863731396,1.943590533,-2.167443606,-0.44527668
-5.44162726,-1.518427952,-2.736189938,1.066504781,0.259707594,-0.29255561,-0.79859669
-11.25612156,-11.46700167,-9.463686874,-0.072236139,-6.675521928,-0.847468158,-5.389397115
-1.779272263,-2.801689576,-0.425695296,0.276494632,1.206322695,-1.503729609,-1.322879047
-3.823266589,-3.360749232,4.807139892,-0.248244516,1.037633817,-2.658301483,-1.684698207
-7.572354944,-7.903030122,-8.167419109,0.827156838,-6.387208636,-1.624170438,-6.035461224
-3.437150159,-3.870504229,-6.714504048,-1.833517835,-6.28561588,-1.121759666,-2.702105611
3.753184521,2.361834441,-0.805278022,-1.683642234,0.895099116,-2.181007375,1.789657132
-4.390467062,-0.919326208,-2.417255576,1.712734339,-0.319140298,3.16823739,1.716718431
6.30145211,4.328695311,7.047543024,-1.255277874,4.689716999,-1.372478588,2.526563275
-2.32515596,-0.875122091,0.263811519,0.520862375,-0.600004288,0.540302246,1.123653379
1.257249745,1.393418612,0.455196086,-2.108533445,1.159310984,-0.429684157,4.030543361
1.850986631,1.892101832,-2.010737135,-2.310710766,-1.970709531,-2.994432914,-1.413358904
3.641307404,2.894952263,5.410451633,0.129850793,4.249402912,-2.684685481,0.833869334
-5.489493833,-1.466538422,-4.918268702,1.801573584,-2.725997343,2.962150276,-2.003301562
-11.22527617,-6.426581098,-9.734332559,-2.252298304,-7.064577321,0.490647334,-2.084046351
12.91718789,12.45038717,6.962136844,-0.021153313,4.321183917,-3.145373856,0.399208556
-0.121096044,-2.680107648,-3.118784375,-1.282748491,0.290706281,-3.348387896,-1.287075268
-2.27518631,-6.259216783,0.143182718,4.632103963,2.745836991,2.877754097,-0.323067259
6.403312878,2.778584282,5.735780557,0.22283193,1.261653387,-1.480726162,-0.154249357
7.496187533,7.042971264,8.706903372,3.008286149,7.553208563,-3.322185351,-1.279071624
-9.442420105,-6.053157941,-4.674876152,1.127888788,-3.910172391,0.830098997,-2.978580795
5.781028921,7.463852454,9.137541967,2.943501153,4.815546571,-0.613656,1.016832302
0.25677949,-2.215971781,2.00041429,0.32829303,-0.052192331,-1.347805892,-1.554887921
6.416789431,1.748967921,8.59662702,1.989152252,2.577101472,-1.621613609,-1.962878439
-2.547676998,-3.35894531,-2.543431344,-1.932099533,-1.885030588,-2.064590162,-0.89402258
-0.362370948,4.17389941,-2.414166692,-1.880600003,-2.77140081,2.260009669,2.677752229
-1.769302529,-7.578185123,-8.417051363,1.536224048,-5.064192157,1.638570871,-4.727405118
-6.622271983,-0.215081618,-2.733284503,1.335277505,-1.44348168,1.952006916,-0.36363927
8.857361089,8.491598588,8.598374276,1.327843947,5.879385323,-0.871873994,0.895172499
-2.087612478,1.908372905,-1.155700322,-0.918612547,-1.514169912,-1.204243955,-2.640556013
8.52543927,4.089767078,1.280707414,1.156040788,0.880345804,1.240266983,0.359734358
13.61872076,9.382149181,15.59033136,1.720025158,11.11590844,-1.119124726,4.305523567
-8.923896926,-11.9082945,-8.586487513,-2.024703831,-4.361112056,-1.221209291,-2.69231022
-1.304486147,1.70892259,2.404441348,0.606079767,-0.262293547,0.873022474,1.393122777
-8.579492414,-4.163303996,-6.618838481,-0.369277068,-2.176137164,-0.78529021,-1.833711253
-0.074287251,-4.586831778,-1.280662883,0.530223453,-1.745355814,4.016990377,2.424692833
-4.791475209,-0.759163887,-3.371086127,0.910602949,-1.628744648,0.759094775,-1.991481101
0.058103253,1.12656708,-2.205398424,-2.331950375,-4.100249535,1.314164855,0.442779956
5.942268324,3.65970398,7.768551232,0.411287864,3.382111152,-2.943877421,-0.670042925
-18.70604251,-11.17512777,-17.3680904,-3.849473931,-11.5001987,2.81337931,-2.743790309
3.62582917,-0.493470262,3.81084088,1.706567865,0.468674971,0.796155275,-0.311944935
2.418322399,-2.22460225,4.645321556,2.806491788,3.651655891,-0.478045087,-1.457226323
0.493591586,-1.654315275,1.191897952,-2.643432817,3.19E-04,-0.131219424,2.056980897
4.803500547,2.024866923,2.083524648,-0.460841528,-1.156807349,-1.783451398,-2.966205925
6.14917061,4.501979518,8.518041843,-0.931146559,5.439124746,-3.912774985,2.118964757
-2.80882824,2.560180886,-3.270610317,-1.813326394,-1.146059044,-0.477896422,1.110590764
5.638761363,8.28358048,7.530840679,1.451783467,3.584865537,-1.303580585,-0.098267473
-7.033947877,-6.621718628,-6.037085006,2.705308287,-0.260479062,1.920616353,-0.559676775
-10.16207626,-3.499416831,-6.42258629,-0.513588905,-3.997735328,0.872487033,-0.895321586
-3.344384934,-0.662609838,1.154408278,-1.029316407,-1.46155187,-0.022215514,-0.890491897
5.450813408,9.070391377,6.967086465,3.618475312,2.98830414,-0.601791448,-2.757872419
-14.0898258,-5.317018012,-15.38002071,-1.257491249,-6.062929754,-2.272456396,-5.109469061
-10.11161881,-6.446604917,-9.485529136,-2.745680112,-7.777984804,-0.708647947,-3.973832472
-5.549323919,-10.55295139,-2.276841602,-0.530312611,-0.914569121,2.994900841,3.127605236
10.40001043,4.522766605,14.62646205,4.77154476,10.48930156,0.089779415,2.351165832
-2.188471498,-4.618059043,-4.771035247,2.731720647,-0.749334344,-0.692530408,-2.9760753
-2.116885761,-7.270353165,-3.411027567,-1.18405733,-2.02527512,2.423855969,1.753972632
-6.979714382,-6.9182674,-13.73682488,0.190642133,-7.692241332,-0.40721084,-5.714643687
5.167282988,-1.235687389,8.221958249,0.057496772,3.733420951,-1.614734764,-1.316177925
-1.042240728,-2.223267778,4.38654662,-0.484870244,4.456505288,-1.837106526,1.776704082
2.081941987,2.244247564,1.344644871,1.705616172,0.460631809,0.372612661,-1.323189014
9.770659,10.73202658,11.84219659,-0.873786997,5.625205339,1.094261147,6.055361208
-1.476468128,-2.694080558,-0.609639611,0.973969741,1.606464574,0.961905616,1.730341032
-3.032028706,-1.021313019,-5.421961375,-1.33284077,-3.875128999,2.943627053,1.877838941
-3.158976213,-5.796382547,1.964005163,-1.625254509,1.158897128,0.952094788,4.314222039
-1.425277524,1.150655826,-1.592677191,0.127697612,-0.533036583,-0.667681353,-0.549847012
6.626424725,4.384705488,10.2241433,-1.233658206,6.419334057,-7.663917897,-2.022427004
5.821489423,3.244564991,6.268086715,1.043825883,5.09467784,-1.641865539,-0.144102153
-0.099815714,2.246605012,1.36564421,-0.663515158,0.546936345,-0.080295459,1.54394288
4.511343439,2.550441315,5.404905221,0.729404297,1.161566823,-0.138818263,-0.254464384
3.986107487,1.812388896,2.30260797,-1.411403585,-0.622234373,-1.471967188,0.663740726
1.793113658,5.281425272,-2.831035848,-0.22320786,-3.379841056,4.714705449,3.094065824
1.15177806,0.684232654,0.356715221,1.246246691,3.108655141,1.091580471,2.92883891
4.823668473,3.728396792,13.07306562,-1.918141672,8.665752772,-3.222441399,6.47189591
-0.460852427,-9.464098786,1.64378997,-0.794821656,3.597269355,0.46466495,3.371777807
-0.875673183,2.235851391,-2.538931152,1.044391595,-1.904227312,1.197486376,-0.640624425
-16.09989498,-15.82737118,-13.54115491,-1.488205528,-7.702274988,3.22190239,-0.762446422
-5.231170497,-6.7823245,-5.361377258,-1.105817011,-2.432476508,2.025217989,0.455863096
-6.208462122,-6.196517484,-3.646337081,-0.806738186,-1.511100322,2.318688408,0.992312436
11.70118389,9.599028284,12.95192118,1.527200953,9.976210095,-4.35367554,2.288695203
3.256757543,0.237381543,4.248838604,0.195296847,3.569912713,-0.165022942,1.668490809
-16.61498977,-8.125804195,-13.98390531,0.529863419,-10.03116915,-1.185846654,-8.97731442
-16.15787961,-7.195181591,-17.71389756,1.211221565,-11.00301014,1.779233314,-6.240355285
-3.090411032,0.362560828,0.170725592,-1.813385005,2.331714068,0.019415181,2.583225168
10.62625015,2.647200017,13.82061607,3.27876355,8.209594594,-2.696880584,-0.231066864
-2.118334963,-0.834315434,-4.687635646,0.499428773,-2.353397008,1.08953997,-0.440079209
5.602774175,0.576074076,4.999633884,0.131731718,6.880776106,-0.716698755,4.729512175
4.217808462,-6.868418668,4.805743697,1.39567251,3.592452382,-0.751273472,0.858338676
11.39218551,10.54244408,12.54505044,2.837649971,9.429529574,-1.569791791,2.615265886
6.650812782,8.963087528,9.377054849,-1.95E-04,4.549953098,0.928384508,4.876802058
3.049389375,-0.945686881,1.171147902,3.907262062,-2.31437488,-0.829494491,-4.91184643
3.523302441,1.424414122,3.291538215,-1.499743748,5.748340273,-3.752044745,0.992874639
10.68152089,5.099801528,16.51604907,1.808301087,13.31846828,-0.462235187,6.966195004
-4.479438914,-1.559360618,-2.913192943,-1.935030405,-2.287284232,-1.957781522,-0.822499204
2.654910966,-2.02031238,0.714457499,1.707630201,2.285009584,0.261747489,-0.053122027
0.223464065,-0.803737817,0.689108135,0.729416624,0.068148254,4.068689026,3.292301714
-7.185797062,-8.04002908,-7.056070799,-3.671189382,-7.536086881,-1.144103775,-4.095543753
12.27566855,9.928041813,12.99773426,0.157616589,6.7604535,-4.521213243,0.059131817
2.841959805,-2.66002312,4.646262827,-0.41058826,5.955190536,-4.051020951,1.193898275
0.065894288,-2.713174185,3.177855288,1.860088631,1.975529193,0.028455818,-0.647387613
6.803287367,4.253858716,5.113421938,-1.806379852,-0.319630584,-1.273770819,-0.154474257
-11.55712241,-12.18665921,-9.705605666,-2.887479446,-5.191753928,1.579136195,0.180809929
-2.327952808,1.055412643,-2.8872567,-0.124326531,-1.12613791,0.5331409,-0.472196147
6.672835118,3.221993733,7.694302583,2.363586744,3.982293286,-0.653050261,-0.931741426
0.230612782,0.304929665,2.171285152,1.496765216,2.157342893,-2.501265838,-1.419224549
3.871411415,7.150875656,9.997988594,0.041284002,8.166528573,-3.635642164,3.067753444
-2.352635123,0.576222526,-4.485841213,0.225811965,-6.202219763,2.755134614,-1.745291278
-5.221097763,0.291312225,-7.513507712,-0.629325256,-5.562020094,0.241518487,-1.705980776
1.793635799,-3.731348648,-1.662047441,0.055161796,-4.41382294,3.04124067,0.37012858
-4.140564111,-3.551519894,-2.363277465,-1.188164757,-1.554207245,-1.505614772,-0.087027504
4.930672811,5.050872594,8.178008444,2.098713254,5.251636493,0.088934872,2.211577668
2.817955849,2.473729307,1.196062091,-1.189974571,2.257253953,-2.362177283,0.610915008
-4.044584742,-4.713834109,-3.428809795,2.285328967,-4.899825726,0.648665701,-4.738186356
-5.90785331,-5.178820996,-4.887183299,-1.252801366,-5.08870935,-1.405841085,-3.69503156
-1.116338874,1.192558118,-6.331504,-0.927262946,-6.077927097,2.279150516,-2.267124484
7.173299319,4.602366055,11.12724482,-1.240619573,8.147748928,-4.217367875,2.992352612
0.766193518,-2.431614277,6.547209523,0.78738193,6.795441927,-2.638579696,0.29841587
12.06035899,6.310001876,12.62951791,3.596718359,8.125873957,-2.315072096,0.576874694
-3.597735789,-0.066841384,-4.538587729,-1.292869463,-5.594934704,1.990062066,-1.262135216
11.93395396,2.81219073,10.91563152,-0.146853559,8.694219821,-1.908044055,5.179968709
1.681369713,-2.809292979,4.476621004,-1.184663147,1.907172844,-1.318933021,3.185282851
-8.008885233,-8.015251061,-8.984149567,-3.528690914,-5.092425239,-0.997410855,-0.794432527
-5.300710863,-5.654262716,-5.190978139,-0.609424703,-6.629341096,1.245471454,-4.25434599
1.462046808,3.218153706,-2.319371849,0.548335479,-3.629973939,2.15886328,-0.351328163
-19.17940536,-13.73813717,-22.5138146,-2.643028547,-14.41197928,3.591414485,-5.817085104
7.82792344,-0.579826522,8.959702769,0.456261273,5.655715938,-1.13495919,3.220356939
2.680658227,0.696224181,4.562833631,-1.112634444,4.244484303,0.660065194,5.399350436
-8.075733755,-8.169171257,-10.50152393,-0.180483988,-5.823391967,2.171172739,-0.485256603
17.81928161,18.04379031,16.51973777,2.266802923,8.808261945,-1.981729164,2.871422898
0.098102118,-0.235756814,0.476828951,-0.785110524,-0.165923125,1.636607694,3.609026607
1.51026878,0.320706935,-0.411803354,-2.130855648,-1.877998549,0.53407605,1.213512932
-4.701100438,-0.818321023,-0.620131688,2.25644565,1.726393086,-1.479193581,-1.027124404
18.30591907,15.07151638,16.64687918,0.558814963,10.17569493,-6.590430246,0.108497535
-3.127115661,-4.336062404,-4.103862592,0.198712819,-3.628108682,1.169864028,-1.372162626
9.82608022,10.26584353,8.277522699,0.051648025,5.353025108,-4.34999615,-0.996208094
-4.749033722,3.427056313,-11.76204607,-0.022042882,-8.087110761,0.360432792,-5.519040075
-8.375741815,-8.477184301,-7.476603792,-0.89510084,-7.877758413,2.485282182,-3.411006753
-11.1648136,-9.123813627,-9.082222112,-1.788741664,-3.174032565,-2.795856612,-3.266830283
7.573741384,7.536444685,4.372402727,1.844088789,0.822201843,-2.232564958,-2.165172048
3.318525361,-1.57980231,-4.393134556,0.076609891,-4.568067195,2.15055716,-3.161518952
-1.886435386,-0.306884398,-2.005797988,0.346584045,-0.619924423,0.922642912,0.182596425
-3.798164483,-5.322251044,-7.5339014,-2.021529232,-5.41548086,-0.531826241,-2.13361103
-0.206642722,-1.772843723,2.442127989,-0.40456863,0.122516039,-0.424657401,0.72037107
12.86710107,6.919468396,12.01769619,1.524306135,7.289398839,-3.166361437,-0.178787777
4.094887731,4.371113552,-1.205648381,0.072864902,0.93089734,-1.208224577,-1.432985329
13.23167006,8.764093315,14.06308331,2.869750822,9.787252418,-3.003545326,2.123928719
5.533107311,3.729022661,5.485427677,0.583155969,3.167886827,-1.914475318,-0.258671531
-3.004294342,-2.692219919,-3.294351815,-0.856046677,-2.46376095,0.144575596,-0.403976472
5.199285323,6.777095355,-1.342319327,1.314269436,-0.659193423,2.80056404,1.323375698
-3.28311962,-2.825571623,-5.934279887,-1.978387879,-6.995837345,-1.996891962,-4.251206862
-5.555221346,-1.099524423,-3.447566861,0.885054759,-2.62930275,2.148473907,-1.461186903
-3.791252895,-4.837246861,-8.788317986,1.026104956,-4.637523884,3.265018826,-1.967335048
4.592961809,5.831799576,4.164850853,-0.441957102,4.41734573,0.863501957,3.458169441
11.39936526,6.151838944,17.26138758,0.745689055,11.59110498,-2.404515853,5.874183219
-6.823211751,-8.865350243,-12.03624703,-3.004887435,-8.929358119,1.920402672,-0.866646417
0.850549492,1.648956607,0.376288915,0.925556348,2.113954233,0.787994412,1.756293197
-11.45245658,-8.953010007,-6.44599413,-0.070365742,-2.883352222,1.165933802,-0.051415859
-8.585052911,-7.101441804,-5.991528781,1.122899992,-4.646901856,3.732543328,-1.555123961
-3.671318497,1.17389655,-0.502870248,-0.771218366,-1.215901604,-1.24425282,-1.55998352
8.124252177,3.760044976,5.339163862,1.827818765,5.328084395,0.036698584,2.550563189
15.64959784,17.14652368,14.43604667,-0.761205958,11.85163401,-7.85358304,4.100828676
-5.421279294,-8.715798251,-6.535971694,0.828809945,-3.118847488,-0.94663963,-3.193401533
-6.4319514,-6.580952722,-8.878051433,-1.438231914,-4.786188112,-0.65480545,-3.226432635
-5.403645731,-6.834245556,-5.497028593,-1.849338516,-2.488370367,-1.090131927,-1.476943725
5.934912532,1.046015419,7.2596915,-1.315700406,7.498522283,-3.665066194,3.683897746
4.95895572,4.338170446,3.365570229,1.02936843,0.053385141,-1.797678566,-3.513890639
-4.039140796,-1.452784056,-10.30203485,-3.487402665,-6.16797698,2.937242374,1.300410586
2.06121279,1.597611673,3.234829537,0.100400576,-0.522763291,-0.776169137,-0.742287751
9.72152914,9.104271313,10.19371614,0.137497926,5.279356989,-1.257470548,1.600321676
3.53428982,6.422348199,5.118339263,0.754321599,2.46945531,-2.002160619,-2.203510617
-3.954967561,-5.335352799,-1.771502687,-2.40166617,-1.831428568,-0.830277625,0.078330492
-6.056497162,-8.059179117,-4.072444013,-0.004497313,-1.384460308,0.696865644,-0.470077269
7.299432113,3.960773834,6.267719398,-0.336316937,3.539687372,0.575782418,2.979456646
1.222947603,0.693175123,-2.738320986,1.105769981,-2.696612427,-1.921694669,-4.682483703
1.243566314,-1.03812798,1.908143757,1.731136853,0.016701617,2.07965372,0.16841145
-2.796778643,-9.535022054,-4.187136019,-1.105025887,-4.046883212,0.016660545,-3.041222956
-6.918839381,-2.644773245,-7.803199811,0.668592838,-7.073170488,-0.863715255,-7.300758909
11.19112798,6.411869044,13.6393565,1.002538571,11.54177993,-1.941735578,5.18795855
-6.280495142,-6.061967073,-2.507948624,-0.925229738,-1.694755793,0.133755177,-0.434202684
-6.146611446,-3.494365059,-9.591843428,-1.101187065,-7.517933639,2.591160633,-2.80656192
-0.332350731,3.245329699,5.122441829,-1.910520778,2.751460415,-0.450882562,2.842718437
-3.691759162,-2.111382107,-1.560701397,-1.070530763,-2.698411064,-0.406289917,-0.279297949
-2.208136583,-1.660220059,-3.747061092,-0.241304895,-1.068057994,-0.684305021,-0.493606187
5.304862881,1.208173234,5.529422827,0.239125277,2.178650293,0.915978158,0.968448026
-11.44994371,-9.618644702,-12.46517399,-1.373462001,-10.79612481,0.044201438,-5.579807861
-0.263607124,2.902101197,2.546319955,0.914939191,3.057943125,-0.612776898,1.103146097
-12.5087472,-7.795522522,-9.19066432,1.988999847,-8.565674567,1.540577156,-6.480163237
0.712370313,-0.187338151,4.745475796,1.291328649,2.358719982,0.571025698,0.429903623
-8.142432537,-4.341456626,-13.44785937,-1.546591273,-8.801778483,1.42257635,-5.150261968
-0.391978068,-2.251088395,-2.775495544,-2.245525918,-3.948388849,2.513709208,1.778051914
11.69046949,9.647973638,11.48744792,1.06667984,8.792307451,-4.118125259,2.50462144
5.350860678,1.630228655,8.474360847,0.834597268,4.732052672,0.773761566,3.139218965
-7.109531579,-5.115586797,-4.725018448,-1.061281332,-6.400401374,6.103276233,1.736318943
3.536941846,3.473581494,8.932497501,1.991852775,6.34308847,-0.774578784,2.522615706
-2.488036703,-5.314933712,3.426946402,-0.41249539,3.650426654,-1.297195745,3.292858216
-2.735854203,0.771587262,-3.469674362,0.110521231,-1.981280031,1.343338329,-0.409440747
-10.73614084,-8.824569534,-10.5663352,-2.383805045,-7.627164288,-0.526221251,-3.041120261
-0.487979748,4.460309166,-1.054318865,1.555441967,0.178761329,0.924519432,-0.472083722
1.431121631,0.43652447,-3.435203781,0.690821783,-3.39805053,4.568332752,-0.662353306
-3.514528622,-1.195334345,-7.004760576,-1.841055098,-3.437753904,-0.008530005,0.161902964
4.699745049,4.621012549,5.313340843,2.803835867,7.078610502,-1.499541816,0.313453791
3.375193356,2.18157934,4.507203279,1.676330163,3.020924326,-1.985816486,-0.591510485
-4.463638002,3.28536597,-3.564209397,0.951437266,-1.12611853,0.22114027,-0.74960886
3.418971076,-1.30820033,3.911491624,0.496566297,1.388291365,-3.140533158,-2.998359327
-2.762767397,-1.642602353,-5.446814873,-1.715499974,-5.257573957,1.690910881,1.1750722
3.506186416,2.509367528,4.58143101,2.681646015,3.162422348,-0.155156842,-1.536391436
4.315071135,5.212415878,6.812396602,2.017506803,3.811226438,-1.519808576,-0.804143495
5.919684501,5.294748793,5.152179133,1.683261377,6.57526547,1.84261665,5.112729759
-1.707475177,-8.762550989,-2.646762012,-1.260125849,-3.17897099,0.337685131,-1.72785855
-4.772214233,-2.023771575,-3.606917592,-2.403162672,-1.893840527,0.152624506,0.523942848
-4.038897256,-2.810904677,-1.673177714,2.368250476,-1.528268214,3.675155299,2.581481883
-6.23552388,-6.218981812,-6.586657031,-1.550861963,-7.06341142,2.101942845,-0.73677437
1.031656345,3.02550501,5.158969858,-0.569936885,3.614109972,-0.646159856,4.205523336
5.066919907,3.171128007,3.883074836,1.155130464,1.158838869,1.858959,1.132211133
-7.24231098,-8.507673278,-8.010970381,0.505837286,-4.137088265,2.312416351,-1.847057358
7.232661796,2.344483966,10.40857837,1.593891296,5.681761205,-1.413061104,1.8669037
0.466612512,2.585451428,-3.359244513,1.49321495,-2.094767637,0.618881988,-2.390510506
2.890790302,1.44617984,1.290516967,-1.049925345,-2.80782965,1.980220118,1.519239554
-8.866608797,-4.632511851,-10.51374274,-0.910485771,-10.30635793,1.441431027,-4.125753808
-6.557923581,-7.723933655,-4.793016624,0.689859503,-4.231759176,1.147467243,-2.841542224
-19.04370361,-11.45011989,-20.24905599,-3.389099204,-13.99530113,3.900422773,-3.253103263
-6.470343607,-6.913526422,-2.350559141,-0.327324548,-0.298222689,1.006268865,1.201440154
-11.58134791,-14.16314741,-13.42974502,-0.213155128,-9.287939225,-0.865376248,-6.930140541
-2.601368592,-4.414537251,-5.112598122,-1.041657358,-2.909288607,-2.183528531,-2.722880095
7.2548983,6.321079505,-0.019534292,3.99130063,-1.101937054,1.727383414,-2.815663796
1.978985405,1.579713892,7.203873492,2.283069903,4.375553322,1.112789806,1.232109998
9.488994297,10.18195461,9.824886642,1.385715102,7.121833507,1.38125806,5.332726207
-5.701390126,-3.748249844,-5.42861936,2.166226648,-4.559731885,3.163589145,-3.192620892
-4.610555845,-5.238280938,-5.84078401,-1.840333218,-1.751461966,-1.117474995,-0.093164033
8.287772583,6.287221722,2.994060647,2.792275472,3.995738042,3.728565576,2.044310568
4.363681015,-1.591672877,3.730596438,0.947831135,4.126427744,-1.663489026,0.970536588
-3.478222135,-10.73817285,-4.417714057,-1.227179542,-2.4558834,-0.238763741,0.415370427
-5.749861353,-3.232371038,-5.692990968,-1.667581742,-0.709399613,-2.638758707,0.027422874
-2.83267525,-2.227205158,-7.98111458,-0.86380838,-4.713568302,-1.49375995,-2.300400313
-2.495192102,-0.56262846,0.145064874,1.32097228,-4.663130925,0.06287077,-4.237784454
-0.158038369,1.34088618,0.612389785,-1.630776727,4.411970342,-3.432364838,0.844554638
9.438660089,7.742387533,11.16738099,1.489199741,8.754051055,-2.871378166,0.355386
-4.668974117,-1.023311462,0.058555601,0.236666278,1.51728323,-0.588516968,-1.017074071
-14.99881121,-8.731575004,-16.65116309,-1.213839785,-13.49229283,-0.620370207,-8.731753929
-11.28245477,-3.640016516,-5.863024697,-1.348543899,-1.07668921,0.323398214,-0.128209754
-3.249257075,-5.980212645,-2.949370823,-0.432235616,-0.911090286,-1.591789513,-3.432836432
9.039760721,2.649526244,9.392867405,0.432714875,7.852877884,-0.21000344,5.586348372
-6.611815573,-8.137519268,-6.737255552,0.580591463,0.585501858,2.059275604,2.843859129
0.091737686,2.393280496,1.576119116,-1.273865192,4.866367511,0.089810061,2.950559138
10.83372337,9.415697581,13.15922473,0.616759692,7.722098765,-3.026324919,1.135625791
6.45338269,6.006076597,7.705310103,1.524430891,2.831995536,-0.327431084,-1.728711848
-0.089211765,0.316233242,1.952199717,0.829997867,2.373742361,0.269748094,1.205460012
-9.282467546,-6.70292357,-10.74818505,-0.855256809,-9.832360868,0.891575243,-5.630410325
-9.069617479,-2.498295435,-6.998013001,-1.520138064,-3.832762352,-0.769838034,-2.736564097
9.458239795,4.338539931,8.612655307,1.487220236,5.285229672,-0.937933822,-0.327983878
-0.083045978,2.773186872,-3.311452173,-0.14000563,-2.499912635,-1.406681014,-2.257465072
5.627596846,8.07577944,3.877532521,-1.150729194,1.611718283,-0.901950304,1.586725201
0.477351668,-0.198409194,-1.706704705,0.059379554,-2.741616992,-2.279646117,-4.370187766
-2.591784638,1.580348736,-6.463795574,-0.50239634,-3.092617644,-0.013974082,-2.02332822
-9.47916578,-7.452280257,-12.66708522,-4.112654387,-7.337494593,-0.028908273,-0.363446361
-11.46876454,-4.779951493,-10.018638,-4.033308944,-6.295240399,0.038184824,-0.881685077
10.64797963,5.586414782,13.05389805,-1.569735906,8.236036435,-2.355751179,6.411458415
10.9750129,8.141504484,8.451342152,-0.39084648,3.261828237,0.793311871,2.560094519
0.540930488,-1.365442612,4.28727743,-0.675167064,-0.065587065,0.029994133,-0.50930661
-0.279982675,-1.595263145,-2.252313178,0.800151349,-2.590414596,0.119529321,-4.105890624
13.81513096,6.631156344,10.69606606,0.998614225,9.067662072,-2.515205836,3.293047956
5.165898999,0.700042858,0.836173053,0.084883163,0.138985306,2.010929614,2.567294574
-4.763154776,-4.402717162,-7.851580309,1.376960924,-5.223090156,0.797514265,-4.373548401
8.022568743,4.430788577,8.036597382,-1.346594721,5.72248675,-4.451989668,1.532817285
9.4940229,5.828238688,9.30034699,0.95116156,7.412658367,-2.845514546,1.798308658
-6.386844195,-6.131345754,-4.925563746,0.209782406,-1.53349699,-2.091410079,-3.768216056
-0.850802748,1.169418156,-6.282738663,1.882259823,-0.906749733,2.399686932,-0.396468616
-0.751496638,6.036915737,-1.942945823,0.974594547,-0.976147171,0.753446446,-0.764616268
0.886847591,0.600685714,3.636421121,-0.240886263,1.241856214,1.178125638,1.581132907
3.156860139,1.101227638,1.196009761,-1.171256546,-1.340653182,-1.434856545,-1.915563714
-6.682539777,-3.020820039,-5.654170339,-1.888680218,-1.702316621,-0.323815229,0.098163311
5.54606345,6.82890796,-0.787132107,0.73865421,2.681310726,-1.254819767,0.070474073
-5.528252825,-5.289386352,-4.336716227,0.489434851,0.544975426,-2.469089124,-2.782358466
-5.499486163,-3.911116634,-4.624740934,-1.80525763,-3.051855455,-0.197564564,-0.021713109
10.67842221,4.092983263,12.75134893,1.00459663,9.634360528,-2.47460058,3.473844803
-3.137536356,-2.428428251,-6.491960046,0.511201146,0.875359655,0.298281017,-0.659010377
-2.247661595,5.847040308,-3.857362894,-1.148214915,-5.112415605,1.633440933,-2.513913319
10.55774523,7.936015057,11.22781251,1.875711138,7.316112909,-1.825227826,1.883707729
4.158852572,2.424001941,6.65362145,2.760141664,3.148261806,0.40081811,-1.361876037
-1.166704567,-3.175016422,-7.758573224,-3.253683713,-3.858027132,0.346135746,1.46437554
1.803568021,7.607143418,-0.967926893,0.370577011,-5.167800359,2.793925777,-0.064295993
13.49133051,11.83017664,13.86691054,2.430151231,10.86917956,-1.324060709,2.93899159
-0.969537674,-1.821122979,-1.202098856,-0.281242882,2.692096594,2.21977322,4.290809229
1.310664029,3.277756743,2.253007085,2.587889314,2.953410854,3.596918376,2.845378198
-3.362271781,3.536700363,2.546127225,0.159301194,4.495342737,-2.780356768,1.306886591
-1.516515458,-4.756818114,-3.072203516,-2.834983899,-4.443798553,-2.738127418,-3.099912004
8.036759131,8.852547919,7.560849965,-1.977927202,3.653532738,-3.452533847,1.543180719
-4.200383506,-3.193963058,-8.221683649,-1.528590294,-4.00584488,0.357484786,0.114258267
1.313170928,6.347892151,5.921322192,2.21611289,3.895445678,2.213017817,2.417545479
-4.616421883,-8.101008057,-3.730764536,-3.571446051,-3.93340714,0.03164095,0.415088052
-2.886859849,-4.718039201,-0.606771393,1.349255264,3.816544748,-1.392135521,1.253994611
-14.19808455,-10.76245082,-11.04114153,-2.668668021,-9.980809592,1.571657475,-3.595615441
-7.21931909,-9.328572406,-6.684132316,-1.91615501,-5.921168953,2.115320495,0.941830506
0.718478909,-1.116413667,-2.698955768,2.711568809,0.280763596,2.312027251,0.133372516
-2.446227494,-5.234346501,3.167955884,-2.921640447,-0.24526523,-2.539909129,-0.572349682
0.887615997,-0.997543831,4.624858116,0.800801286,1.163070277,-1.275944066,-1.106623364
11.11637093,6.183896349,13.08599828,1.616160186,9.387625703,-1.296358442,2.961377412
3.164143109,3.72711433,3.458327897,2.875346854,3.657468619,0.58389095,1.949622827
-2.237992364,-0.327531493,-4.947535731,-1.23596697,-6.223276415,4.62605586,0.619814601
-6.131351472,-7.055410144,-14.32615084,-1.69096911,-14.71355957,2.760730209,-6.23048766
-1.482766719,-1.40132646,1.999288671,2.965187655,0.513516526,0.105338038,-2.677494687
-6.991362527,-3.735373517,-10.86974386,-2.78713223,-7.135886692,-0.382935489,-2.249516483
5.599981955,8.512040974,6.676812501,1.16101565,4.324775008,-1.402182058,-0.116633083
-10.73708867,-10.92942073,-5.555218806,-1.486864076,-2.89425159,-0.024026079,-1.491197783
-2.649993709,-1.378930274,-5.724332944,-0.179255833,-2.714068496,2.734738433,1.030829415
-3.258978446,-5.726713353,-3.401607806,-0.758915184,-4.075227845,-0.973461297,-2.038734966
-0.266468081,1.758438804,0.456594472,-1.214597353,0.794291465,1.077938471,2.949784095
-3.327567553,-6.133069178,-2.20637894,-2.614074927,-0.299506011,0.154842425,4.6856634
0.433797374,2.740576577,-4.306835918,-0.783620041,-5.293911436,4.16533523,1.250169394
-8.884590432,-8.332434008,-4.210485487,-1.161276098,-1.579573088,0.005104845,0.223150561
6.920159783,2.13432769,4.245223038,-1.006883588,1.764372577,-1.243969553,0.766553634
13.57954528,6.192427589,9.985706044,-1.852163917,5.287431828,-1.650400762,5.060669673
-18.99095461,-13.5253234,-20.95515894,-2.016518073,-11.10369848,3.521495354,-3.169756617
0.195811401,2.701324476,2.257233329,0.178279686,3.818180091,-3.266963174,-0.305329006
-2.81366255,-1.403290404,-2.233726189,-0.876467512,-1.823353035,-0.258887753,0.254686583
-9.682382321,-2.831504853,-13.18422335,-2.926572569,-11.02503373,1.739169946,-1.817850809
-4.891598064,-4.306005461,-1.097164185,-0.876201962,1.684840421,1.580173874,2.621290726
8.86555539,8.647622579,9.860653673,3.258660126,9.364011297,-0.81106422,2.665506388
8.241577895,4.548066768,9.790173891,0.630579924,6.323893835,0.786529028,4.90201963
-3.214699164,-2.368493167,-5.641123177,-0.203221727,-3.056526207,0.343494954,-1.79929082
5.294815294,5.577461295,7.148406617,0.988597239,3.257958102,-1.490979343,0.542107647
-5.671938946,-4.543778139,-3.871437396,3.181851931,-2.197376623,2.891128627,-1.533789014
3.787811957,-5.613318642,-0.235528841,1.393793315,0.479971571,3.213632581,3.722417746
18.60075222,13.06581141,20.44302087,1.333370885,14.80642963,-2.684913263,6.560906828
-9.365501909,-9.63905454,-6.518922251,1.238579438,-7.526349005,0.706101776,-5.513439067
-7.666730376,-8.191534627,-9.677947023,-0.941756572,-3.988841326,1.084528909,0.169752311
0.391308636,-0.987994387,0.929930439,-1.105344584,2.140116245,-0.651753324,2.570469016
-5.48801681,-1.721240522,-9.055285471,-0.138556746,-3.972822637,-0.130463464,-3.995900392
-17.64712856,-10.77438649,-14.89384641,-1.416047919,-11.10335965,2.921136554,-3.348652048
2.580461126,-2.130535388,5.435957542,-1.584261604,2.807882431,0.054045831,3.165844962
2.608454968,1.624119238,-3.994138822,1.992099591,-3.727850462,1.635278287,-2.276539558
-9.302396703,-7.773749533,-8.948543065,-0.005013607,-6.047458122,2.535498129,-1.619196089
8.058140924,6.077054115,10.03590651,0.476774874,5.353917371,-2.251572821,1.260445313
-3.72432977,-0.720642057,-5.632404743,-1.99549878,-3.952903623,1.967615568,0.232989673
-5.778920789,-2.76178037,-0.988187109,0.148770346,1.213607458,-2.887370128,-2.293778914
-6.350277092,-7.526511883,-4.967428196,-2.065096733,-3.699238535,0.147081596,0.228402907
3.956113759,-1.116447187,5.552658128,-0.560077219,5.535395205,-1.993798316,3.653832376
-11.50724337,-6.400601609,-13.08492343,0.219446715,-6.667808278,2.610297263,-2.606990747
-10.88135636,-6.863245779,-8.338250877,-1.127090577,-6.185593668,0.197629752,-3.493761832
-0.735892362,5.830564468,-5.107542254,-0.713847248,-1.388451707,-0.23733356,-0.813802613
-7.629770489,-7.977222215,-3.18042895,0.065457599,-1.431895321,-0.751559174,-1.487602085
-18.81803343,-13.72178398,-14.18673379,0.55936287,-11.26114863,5.974340501,-3.593568305
3.359441231,5.383031638,5.53738776,-0.7326576,6.499477323,-2.686019768,2.282350385
7.644349671,5.247370556,6.839352547,1.413982905,1.15786992,0.842880033,0.304615715
11.12097321,5.455932821,8.930577046,-0.793039464,3.350553151,-3.055413399,-0.331677167
-1.073951985,-4.799893852,-2.572858039,-2.052249747,0.746678652,-1.103076252,1.877464614
0.55181794,1.091158815,2.541272243,0.754203106,-0.712385456,0.269408897,-0.781406582
16.91846116,12.0909666,16.26625003,0.278534964,9.735161181,-1.879251489,5.415649295
3.548232889,-3.491338383,-0.863614333,-1.431996757,-1.637936062,-1.943494543,0.046136917
3.794674181,5.292837524,9.119730148,4.468060968,6.469888119,-4.773102424,-4.044937924
4.137564878,1.472211302,1.246998096,-1.058424429,1.456544648,0.331685344,2.449234793
5.427179304,6.054466051,4.004932693,1.961382142,0.389501761,1.511143394,-0.167972912
3.076018895,4.319408388,4.809525884,1.614217763,6.968333763,-1.955616307,0.94612871
-1.76048701,-2.102177269,-6.046099948,-1.157404375,-3.435597861,1.272548242,-0.552104244
9.134260755,4.139410561,9.798323592,1.016813004,6.190316693,-2.396635503,2.296630094
-10.46349901,-6.650513385,-14.62281338,-0.063469682,-10.69954634,2.079041598,-6.156003943
1.330369736,4.197049859,-0.157972753,-0.207563611,1.734664204,1.212257457,2.583376692
6.683990399,8.40903456,9.026723563,0.821495614,11.24053501,-1.445692605,4.631999019
3.595523999,0.347859194,0.82530287,-0.454132251,4.081793744,-0.658961717,3.16922697
-10.04798662,-11.9035648,-13.16797841,-1.138734107,-10.43614769,1.819734644,-5.63811288
-4.733375816,-5.476522808,-1.872439515,1.903857402,-2.103263186,0.426469088,-4.475816354
0.52054837,-1.114226368,-2.980760816,-1.324236483,-2.147925647,-2.078885842,-2.658464504
-9.977524659,-6.845468976,-9.959793949,0.620439081,-1.883219969,3.405625048,1.925193744
-12.27604722,-5.544317795,-10.76561608,0.672422503,-7.461736445,3.533646806,-3.127113127
1.87929601,-0.171274844,7.708391039,0.485886547,5.442230082,-0.419247701,1.961865743
9.819070474,6.676225873,9.191233691,-1.593176272,6.999373414,-0.684120315,5.886322682
-1.906114805,-0.389990658,-2.721301327,-0.887547467,-0.190891659,-2.57103383,-0.823835021
10.55761335,6.631537308,12.24564095,0.957359715,4.358420771,-0.3042032,0.640869605
4.175936498,5.241148403,2.376827105,0.218139238,4.738119222,0.286213284,3.863210208
0.128373644,-0.192839584,5.840816141,1.854058471,5.309470769,-3.298753443,-1.53063137
-0.227558746,2.917028899,3.527621435,-0.784676267,2.811659432,1.818479231,2.124410307
-5.058911485,-0.745944324,-6.244302242,1.544469661,-5.928570376,1.416100126,-4.357679509
-2.094945538,-4.605982714,0.963108009,-1.319375874,-0.854998236,-1.817979291,0.426355284
-3.893563311,-9.155996149,-1.722299836,-2.254130309,-3.266735276,-1.747832218,-2.223725664
3.396225953,6.459730459,5.969102028,3.316955734,0.405501309,-0.318770278,-3.986625624
11.96555102,8.504959095,11.27326635,1.931036023,5.865498885,0.289793618,2.328084497
5.255149595,4.867732863,2.078472713,-2.315185138,3.750885985,-3.335219005,1.988212792
5.399260884,4.345817061,8.041333871,-1.182101885,6.313929869,-0.171832883,3.612895195
-15.64391518,-8.783048033,-14.87639187,0.087512531,-12.89515405,1.146302818,-8.212662743
0.12576825,4.065939618,-0.032882422,1.788738223,0.980732306,0.472748042,-0.838821051
-9.754768772,-8.92286564,-6.148423621,0.773454225,-1.03733378,-0.098089741,-1.230416852
4.697844828,5.900498598,4.201403259,0.047207243,2.028376901,-2.350029435,0.17569662
-7.184968087,-4.057468023,-11.17302394,0.88816584,-8.023434789,-0.763509149,-7.910030843
4.38286225,2.453880469,7.402337831,-1.753745245,8.379355252,0.203553766,7.5880727
-8.540807764,-7.142712621,-9.823088904,0.284578305,-3.429164164,0.844290692,-2.414677138
1.690545763,-0.895244333,-1.230226277,1.32898373,-1.650574804,2.63662375,0.534203561
5.311970667,5.40764948,4.588183944,-0.239087448,1.204454453,-0.544353955,0.973874718
1.395295337,7.996058529,1.03140132,-1.600539397,-4.258139874,-1.13766023,-0.768674483
9.622650137,6.211102169,14.0037092,1.517199049,6.136571235,-0.381337703,1.636104383
4.783282805,5.857674053,9.554096201,-0.063026635,6.708310341,-0.031053042,5.928152323
2.320528993,6.794444452,5.844827673,0.316904868,0.27136109,-0.525506529,-1.631007717
2.342123133,4.504433272,5.257304556,0.73321225,-0.801288112,2.857913103,0.830364614
13.64242382,15.7301293,13.4902706,2.048911164,11.63689139,-3.3617792,2.658107016
15.51479082,4.875138923,9.144914815,-0.509489391,3.784749659,-1.439529656,3.141631715
-7.543526076,-4.703108513,-10.39592823,0.475247564,-4.725801744,1.476603134,-2.562990019
2.10622522,0.343733816,-0.013392065,-1.240661609,2.439535471,-1.10068919,2.470667651
-7.096540105,-3.165673131,-3.445318098,-3.229468323,-4.625549345,4.256966733,5.915388606
7.577181956,5.759158274,7.700078258,2.109171714,6.582830065,-2.954488364,-0.312171059
-6.971527644,-5.962613259,-5.376142243,-0.534251101,-1.772467121,2.489298121,3.098178823
5.614464634,7.12443677,5.216003448,0.865051516,3.387029092,-1.428538944,0.681033147
-6.875491305,-7.541553338,-6.86173081,-2.516827726,-5.497243101,-1.586868367,-2.631744714
9.482618024,11.48852406,6.192795222,-2.116548942,4.728893177,-2.011613991,4.319574455
4.311773922,3.960481872,8.364684412,1.447357505,6.663754062,-0.180218083,2.322083302
10.87336219,7.981948304,6.212945216,-0.51744619,4.510330482,0.528532581,3.521530492
-4.194728785,-1.491624469,-2.32881239,0.360320849,-2.03009545,0.587925495,-0.457818336
-10.68259119,-6.715146996,-14.16206031,0.517109053,-7.587572941,2.235301205,-3.732561497
-0.736763017,-2.860220618,1.290790212,-0.135107703,4.125577801,1.472033576,4.55005211
3.49586659,5.029569947,2.654623049,0.688277191,1.155165718,2.618430809,2.69449963
4.208526415,3.067766212,4.363293082,-0.083119573,4.180693092,-4.290009161,-1.473510908
-2.604392535,-1.687920272,-4.247946734,-0.958377386,-1.327294444,2.266901311,3.279501383
2.277123806,-0.796278272,8.947450087,1.433385664,6.041919931,0.026501901,2.033609575
-0.481993491,-1.259656814,-0.224166893,1.308206472,0.773016417,-0.211834612,-0.665426469
4.202149386,3.82822364,6.006943118,-1.325854601,0.784573368,0.32718192,1.52723523
5.052172638,3.733428707,5.682869783,2.376043979,3.668807752,-0.16808756,1.309685726
-11.01593805,-14.43846791,-6.184790493,-1.60666401,-3.202668771,-0.42969137,-0.631438249
-5.306343497,-8.818458435,-7.70006396,-1.491735024,-1.064167195,1.972878938,2.66138346
-0.456375645,4.347005613,1.538330716,1.116242574,0.464318813,0.246294892,-0.281783589
-0.813602226,-5.162168347,-3.805657048,-0.886824704,-1.447264435,0.382464633,0.325342703
7.748390251,5.461123949,1.968502572,3.263158604,0.085952767,3.067752089,-0.316937535
8.122840272,4.253377995,6.406996727,0.169332681,7.678373068,-3.584864583,1.41696163
6.863914458,7.26308272,14.3064599,-0.03096644,10.63086794,-3.729352894,2.746837744
0.298897115,-0.135514173,1.432811892,0.086280469,-0.557419172,2.011944183,0.571774947
6.654183875,4.268688047,10.33421014,0.778687502,5.282162711,-1.873869258,0.623294309
-1.58613379,-2.168718295,0.373132879,1.412837085,-0.206120808,-1.487362107,-2.813828803
3.002449017,3.928220605,-2.2064874,-0.959076521,-3.502245149,0.622684696,-0.992780405
6.337141356,0.997203369,7.886642307,-0.871361714,6.342447797,-3.028209829,2.478817801
4.50131852,2.054451849,2.957855391,-1.693476503,2.454732029,-0.031344735,3.056299794
5.436490656,3.264507546,9.366581954,1.154106736,6.312900537,-4.083975328,-0.771915224
-1.11219977,-3.22220069,-3.85396746,0.168872382,-0.296917667,1.019205485,0.220186402
-3.512704368,-0.447256705,-4.614967785,1.696543639,-1.402448825,-0.098123346,-2.028651425
2.649594841,6.187102013,-2.549896153,0.832477086,0.241710351,-0.561987218,0.006515166
-10.79086057,-6.221807681,-10.85731806,-1.19618071,-9.187375864,0.751080247,-4.857123423
6.749903469,4.881698646,0.947357478,1.407067976,1.141650211,-0.707710169,-1.206702752
-11.66739221,-9.941452093,-9.516236781,-0.295176619,-5.769308669,4.309562424,0.361172286
-4.159929036,-4.382909641,-3.154057113,-0.355708538,-1.870371634,-1.780068631,-3.157546761
5.518908765,6.457434371,7.577617399,-0.42209927,6.962201509,-1.987613394,3.043271744
11.22048599,5.415344152,14.8593298,0.91177731,11.63787999,-3.458955922,4.296716743
3.208147623,-1.036343344,7.933333095,-0.155990912,4.848315607,-1.795069431,1.82886193
2.864856339,-1.87784099,-3.158982733,0.208832,-3.663515572,-0.687256012,-3.115435707
-6.387022201,-3.557154308,-7.665830412,-1.271661309,-5.928094532,1.161571568,-1.570749469
-5.572063492,-1.72919774,-6.327169875,-1.419094337,-5.171751994,2.243823679,-0.85153477
-2.573730212,1.626465317,-2.305289892,-1.314576,0.43241176,-0.418039175,0.473642502
7.519629432,5.912325976,8.693025314,2.407202606,5.881390096,1.446355539,3.866292164
6.000210428,7.179511453,5.173538296,0.701970621,3.682186566,-4.43917901,-2.182191356
-0.403592708,2.659708103,-4.769764932,-0.306923384,-3.46907811,-1.262039705,-2.862326161
1.48295397,1.351242513,-7.702783955,0.946473624,-6.03337663,1.567964165,-3.798462196
3.469306985,3.241816541,6.039797416,1.699230104,3.953706825,-2.886871788,-2.323723406
-4.001618366,-5.101222882,-1.477369295,2.538963029,-2.847233846,1.081080311,-4.427502873
5.988158494,2.09548314,5.050199844,-2.143543082,1.278389604,-1.592852239,0.019995704
11.84734147,8.373223842,15.1294569,1.202225754,10.68354473,-2.68739793,2.722748958
6.89619005,5.56627006,10.60756152,2.192781503,8.771457892,-0.626058867,4.530013048
-1.178751173,-3.822413922,1.849895661,-2.147961906,1.466371783,-1.167493141,2.940536734
10.0179842,8.349241936,11.40054478,0.836117979,6.714112736,-2.202607873,2.161115985
5.792621894,2.662195692,12.03564517,-0.241634741,11.62645058,-3.666260825,6.523246871
8.640506396,3.586671312,5.40719941,2.625916256,4.828072068,-1.877682028,0.848434665
-6.369421532,-8.41319316,-9.807462812,-2.861285392,-9.216392525,-0.622605292,-3.891685001
6.800812737,7.826625322,2.992794565,-1.040071993,1.320360797,-0.589675893,0.96475554
6.762737455,7.1023993,4.77084616,1.514912224,4.734356124,-0.278886585,1.535676068
-9.871466177,-15.46400176,-5.777192477,0.598568273,-4.049498156,3.389903516,-0.037858096
-3.069392312,2.093870255,1.013461338,1.771896467,2.143307492,-0.40634932,0.294772198
-0.099973546,0.514971617,0.794723061,0.454564791,1.820891929,0.671746272,1.530591873
1.306624929,3.669287367,-2.817918404,2.078711235,0.060266597,-0.603324461,-2.024689961
-17.44424757,-11.19669918,-21.05320781,1.085928429,-14.9587511,4.76875936,-7.914075555
-6.610828854,-2.891745236,-7.250325252,-2.304944375,-5.292814659,2.00741605,1.460718466
-4.893281206,1.133518402,-4.850472218,-1.811536178,-1.287059907,-0.660951392,0.939417561
3.173034407,7.047033896,2.384677479,1.713021028,3.478087103,-3.375575072,-3.282725304
2.712300567,4.566029643,3.282554848,-2.095011086,3.510989615,-1.932461279,3.194043803
9.314008899,10.51670679,9.746265288,1.096406975,5.584175486,0.536903431,2.229228465
-14.10272993,-9.427374564,-15.90303567,-3.29416931,-15.12512964,-1.335889018,-8.027134618
2.94648335,4.49002446,4.559638133,1.576789158,0.8937352,2.918238997,1.846110691
6.861076373,5.401509679,4.300669716,0.146822445,0.669030318,1.249517202,0.762205029
0.4980637,4.353596121,4.338986501,1.722067244,2.677137718,0.45910089,0.340615174
5.476319663,0.785938909,1.692372278,-1.411583369,1.71657684,-0.97996203,2.183866092
-2.730440091,-2.919076948,-7.453715603,1.247472796,-2.217635675,2.077808586,-2.075983311
6.456013524,6.520833081,9.187561514,2.158132897,6.732890588,-0.644745833,0.73596169
-6.862801292,-4.306361463,-14.37339108,-2.563104395,-8.656612645,1.066320537,-1.758146962
-7.095612813,-5.079951762,-12.67673416,0.380902563,-11.69794658,2.826562879,-5.637938461
4.601263564,-0.179241813,-0.639243708,0.507677826,0.772500054,-2.665510195,-2.495871585
3.474748623,0.221515615,0.757074399,-1.852011934,1.342604625,0.446182893,3.538287022
11.26619039,4.594742857,10.40218204,-0.57126138,7.364849697,-3.700738719,1.556317545
-2.962266015,-1.743750024,-4.136778366,-0.429357458,-5.023056568,-0.456648756,-3.53680582
-13.57978799,-3.542350897,-16.81142433,0.465033493,-11.16113319,4.746780789,-3.791814299
8.355610316,2.757727813,5.155767239,-1.743803766,4.678168288,-3.82566154,1.930698165
-5.563394496,-4.511067821,-5.616549751,1.414302911,-0.992462351,0.873640587,-1.596128243
10.85263697,4.238227873,15.99572406,2.659039835,12.09675898,-1.759429501,5.908795151
7.539719977,8.226334321,11.11201582,1.58620378,6.554804166,-3.105915939,-0.342499766
-4.622450803,0.526848355,-1.937629807,0.204483927,-0.344367625,-0.367819613,-0.915892205
-3.391649116,-2.104028588,-0.197641521,1.782302532,0.121397495,0.912344185,-0.477829202
10.2362156,7.46429373,8.735106692,1.085459875,5.598053859,-0.373026981,2.402895198
-3.477864885,-3.444417396,-4.130146733,0.379662869,-6.87991375,2.633401159,-2.633073808
-12.52912399,-9.374012846,-10.70834179,-2.695654887,-8.502290849,-0.286088276,-4.14716811
-10.85743,-6.027325725,-11.68507024,-2.911606975,-6.968585802,2.09080238,1.181144945
4.113696316,-0.332607018,-0.784850066,-2.130523082,-1.597122477,0.347773164,1.430752193
6.823395482,3.204126318,3.868408885,-1.114970818,1.967186241,-1.564051547,1.240213997
3.686508671,1.946299503,5.684788283,0.613591022,1.410021516,0.537148476,0.161284596
-1.176077703,1.736568117,-3.46281587,-1.301515828,-5.443021036,0.034254861,-3.300542318
-0.317125492,1.167613312,2.093623425,2.134360367,0.070671994,1.535578605,-0.489933167
-1.314880729,-1.14937338,0.63306695,0.964822097,-0.675737728,4.184499056,1.276598674
-4.112994781,-2.877110528,1.846055791,-1.101682629,-0.827509678,1.590579774,2.007340473
4.131698196,4.868189677,4.505963736,2.535879417,4.191870075,0.118603162,0.014907884
8.132939279,2.973238295,6.615318702,0.842936068,5.838591705,-1.942166137,1.568440116
-3.467481109,-2.13806033,-2.617495489,1.696768016,-0.971562211,1.635369349,-1.156970597
-3.770712366,-8.2603785,-4.653257469,-0.992339366,-3.369976693,-0.591259997,-1.855408872
1.060636555,0.937661046,0.836465951,-0.194439482,1.767007918,-2.236965235,-0.124390065
7.886072367,6.260508672,0.126606471,-3.066329996,-1.57938159,0.922526133,3.590557375
3.598762779,-0.421240114,6.83107151,-0.673571465,2.994453423,-0.976942231,1.896518388
14.27067544,5.728870557,15.40259385,1.206736513,10.44431629,-2.263580899,4.130157312
3.839013238,-2.532674158,5.987805526,0.312234564,1.013136488,0.052454116,2.194006831
-18.65398131,-16.25016236,-17.47334536,-2.896475784,-14.66094902,3.647633149,-3.288853847
4.685580608,4.801285833,8.522434189,0.562620053,4.238434749,-1.830462713,1.111789065
-15.04770127,-11.06537026,-18.14594979,-2.219463832,-12.0857501,3.180715689,-3.725977272
-11.60956343,-7.508031643,-15.97197062,-0.497574781,-12.56295792,1.099898856,-8.189341029
-8.269001345,-2.988674423,-5.942688294,-2.577170904,-4.042191363,-1.969535709,-0.661025349
-1.678159777,0.695231504,1.480007034,-0.868689949,-0.144347559,1.44507465,2.862580679
8.496070166,6.001651273,7.901687592,0.988670209,3.972305593,0.333658674,2.704596716
-4.534934,-1.886242783,-2.922927079,-1.898455107,-2.417959729,2.184521611,3.047755727
-1.688436481,1.263267046,0.520098894,0.77991976,2.114685919,3.02925594,4.182930412
2.951684208,1.987193896,1.015988697,0.108990946,0.904908572,0.968473577,3.204382391
-13.58069649,-8.014436803,-11.58688857,-2.166343334,-9.720927793,4.657236125,-0.813151449
3.040055279,9.225918291,-0.740710942,0.017813958,-3.32157059,-3.982541273,-5.401672475
6.802059964,1.893994905,10.26086553,-1.158537878,3.091961116,-0.521046661,1.885880029
-1.925127075,-4.949471639,-2.415515989,-0.064400827,-2.217262137,1.057011832,-0.296914868
-3.295469542,-6.015850795,-0.49758745,0.568095534,-0.577496907,1.333360719,-0.159125898
-1.423296912,-0.731257421,-2.166797588,-0.904699937,-1.600287537,-2.17722031,-2.216488962
7.393489373,4.724203907,11.81631948,1.104111478,11.35455337,-1.60001297,4.572109139
-8.660093579,-2.263436423,-10.59758588,-1.5036191,-9.093887636,2.602375639,-2.464531928
3.990563837,-1.551289571,4.172235451,-0.143967613,3.051513849,-3.33012216,0.189992113
-11.36717302,-5.560478948,-11.07423076,1.268194733,-5.107968472,2.510410752,-1.247749985
-1.098689316,0.282585719,-0.953556276,-1.356451006,-3.304260043,-0.742986771,-2.449820805
2.422723668,4.960180631,3.441014069,0.515792395,1.972442621,2.965684302,3.478672567
1.075364907,1.699425545,3.325569041,1.481154622,1.285264652,2.481324826,1.840306346
-8.072727552,2.402970557,-10.96860773,-2.031362075,-6.914105503,-1.213914338,-3.911559701
5.628458553,8.594956611,5.136862769,2.813104658,2.043085796,2.586621332,0.381192746
-6.237976027,-5.229426432,-10.35607177,-0.587276775,-5.244115599,1.711664831,-1.539036382
4.287788024,4.765769726,5.560654844,0.179996615,5.027504385,-0.752866684,1.089477416
-6.656525315,-4.677963353,-11.06309028,-1.695942658,-3.55426486,-1.680155503,-1.975325324
-11.85434532,-11.02593669,-16.21770765,-2.206727545,-11.55594519,1.67973858,-3.705156204
9.478610991,8.562483199,12.13895765,1.537460808,7.102434827,-1.002018375,2.643461605
-1.428056107,-3.975009167,-0.481166997,-1.865226841,-6.961551082,0.773336333,-2.35841698
-7.069243086,-6.915210229,-4.301521046,-0.327587664,-1.503539512,0.913934892,-0.981592658
7.170097451,6.601476359,8.459674989,-0.547671151,4.159503502,0.288549707,3.606955958
-10.41838856,-6.538769906,-9.438037789,-0.074805802,-6.894344256,2.690652625,-2.683010565
6.531990969,7.257998722,4.837266476,-0.45186052,2.730481458,-2.199389152,-0.577129076
9.025995724,9.064574927,6.536110769,1.337571056,6.317744715,-2.092049426,2.097654332
-7.995097519,-4.705089356,-10.05099684,-0.5649224,-4.133132049,1.749715939,-1.51872972
-7.592825451,-5.501111567,-4.610791418,-0.434535137,-2.398757529,-1.332749124,-2.672716497
3.929993862,3.65211339,3.607987633,-0.379503762,-0.619847013,1.986447856,3.260603647
-8.632545923,-0.194536436,-9.952380893,-2.222366008,-6.048959886,3.548445198,1.927987224
-8.684046067,-3.926055287,-8.6482864,-0.510279085,-6.174655686,3.652037787,-0.834667929
10.09887932,2.275135808,15.3915249,-0.417247727,11.23483193,-4.668373576,4.748625291
16.00211277,8.554550714,12.39517126,2.123705341,7.954833753,-1.759524715,2.352176716
-4.455171636,-2.165130953,-1.842411374,0.858609189,-3.086281829,3.106020299,0.962774674
13.10903894,10.51938292,5.454596362,1.417160401,4.534851447,4.412180311,5.114404666
-1.796575306,-5.129651758,0.785160553,0.022974408,3.070994732,-0.713149686,1.90802669
-0.186476499,0.807582895,-4.335760467,0.137703132,1.779098604,-2.852875418,-0.420076461
-3.495007677,-6.94378825,-6.130232312,-2.004204936,-1.552764636,0.315377453,1.539805202
1.764513443,2.537270951,1.10543283,-1.099269672,0.192001901,0.706388056,1.694785334
3.584013668,4.351172878,4.92719824,-0.696568115,3.766921308,-1.901459807,2.308314511
-8.918545845,-9.509862262,-11.43197157,-1.729357379,-8.984439373,3.967424526,-0.470612451
8.556343441,12.8189453,13.86906137,2.387270498,14.334264,-1.055848329,6.18199267
-0.222435738,-2.447412875,0.945676507,0.126530623,2.163509865,-0.830399367,-1.012429513
9.812932556,5.616032194,7.440396179,-0.235048155,2.959202261,-2.637459632,-0.434994101
1.805332192,1.526802311,-1.86889509,0.770528695,1.144529246,0.801729919,0.884510296
-0.094806837,3.917102511,-4.95840274,-0.019070902,0.291707196,-1.012393069,-0.070561984
-2.728796009,-7.328578324,-5.689071406,1.176266235,-3.90722223,0.915444126,-2.846568366
-3.01446288,-5.558095144,-3.903081835,0.563352877,-0.76102495,1.830921109,1.201727946
10.29838937,7.603644699,10.52482636,-1.199580928,6.765884522,0.623688667,6.184565399
-10.97842717,-11.44140557,-7.336793859,-1.533276158,-3.04059685,1.534523883,-0.024305408
14.3656752,7.699990866,12.17898023,1.513373355,7.361358971,-3.459242286,0.193352006
-7.207373504,-10.52857437,-8.46041725,-0.011761152,-4.568969211,1.122236747,-2.88887961
9.906088647,7.533159837,10.39257525,-0.14614198,5.983850767,-3.804878408,2.696881307
-15.46363197,-12.44374232,-22.24663016,-2.529028006,-18.16967082,5.974330006,-5.542338276
-7.217881831,-0.350037102,-5.742394239,-3.025476155,-1.575325142,-2.167733891,0.430546201
1.085938207,-0.416057764,5.605862626,-0.444132424,3.579200943,3.490044492,4.913793384
10.44898743,7.238700852,9.083311614,1.170522276,8.831573513,-0.746063021,3.573118373
5.225407333,1.597109656,1.39899831,-0.613737494,1.035932476,-0.330185599,2.412507025
-2.377555051,-5.979814725,-3.370427184,2.426211908,0.865075364,0.515122761,-1.177208468
0.793776902,0.135389362,-3.782728019,-2.302811655,0.290354453,-2.64928775,0.696270627
9.161342355,7.743256379,9.207569655,1.167781763,6.04744082,0.983804526,3.731017405
-3.607583527,-0.438847704,1.211862266,-1.39597537,1.356911944,-0.691604633,1.91452292
1.592455591,1.607074573,1.513953595,-0.530607471,0.146059486,0.681925369,0.295314434
-5.25521916,-5.357424832,-6.947853202,0.718953624,-3.692343359,4.667590725,1.599106563
-3.055646515,-5.133441462,-6.53111019,-2.42977909,-6.55877693,0.232838018,-3.684685968
11.51404514,3.641476299,11.72766502,0.578435322,9.959521556,-4.080833929,2.460996454
-3.816323632,-1.74781606,-6.495053312,-1.025471117,-5.637843101,3.790500066,0.439803518
7.897150107,9.644112703,12.23890407,-2.36476789,7.197115135,-2.566037399,3.393036395
2.734573791,-3.734976402,3.922003133,2.140663827,2.013719852,-1.228658043,-2.535361001
-2.819264721,-4.841676334,-6.31778009,-1.790124714,-4.689375637,-1.456790456,-3.157091206
9.440656296,1.914125148,9.437801422,0.293924701,3.288051292,3.684960349,4.715201257
-4.371609782,-1.134201288,-7.934048561,1.028316051,-6.96335847,-0.205295012,-5.305201973
2.865129153,-0.246487177,0.935423701,0.462548572,0.349531222,-0.503920866,-0.768638644
-6.359832097,-7.893797983,-8.496673373,1.5407142,-3.177444163,-0.679415658,-3.932107777
-4.347338834,-4.8015696,-6.849847879,-1.276294571,-4.038276205,3.369339954,0.972779781
-2.407535101,-0.406691732,-2.119264428,-0.157918066,2.572605611,-0.751563072,0.851967886
-3.957808648,0.4884404,-0.564445306,-0.778491993,-3.728531424,-0.994667354,-2.713782556
5.179186829,-0.334633448,4.01137136,2.466435656,4.635972425,-0.527566789,0.558153294
-7.350582042,-0.945556883,-6.088543974,-2.998213329,-1.986590733,-0.917138105,0.838879448
8.176766795,4.636179144,3.585058192,0.978091395,2.594808278,1.234370058,1.852896249
0.933636377,2.434586672,-0.873445776,1.526032247,0.393228145,-1.82791648,-3.089310867
8.448454004,4.678720344,10.64324566,-1.268978317,5.19696593,-3.094252097,0.791140985
4.378377403,0.407264771,2.288531082,-0.022028272,1.797051162,-1.73855904,-0.053825383
-11.51014639,-14.1435029,-10.13815296,-1.760124281,-5.941529577,1.047483448,-1.01650454
-10.81085344,-4.765107891,-9.076991486,0.796277943,-6.612648653,-0.191728259,-6.276494716
4.696763352,5.070278505,1.902375928,-0.814545574,3.634382806,-0.176664381,2.286762349
-6.13082969,-3.169956383,-9.780579356,-1.705247103,-5.195565608,1.644479015,0.033224116
1.373434354,3.638476904,-1.005388335,1.24574398,-1.371331713,0.034012823,-1.943135503
-3.368713898,-0.545408641,-7.569335227,-0.269504223,-3.942404629,-0.291267149,-2.205965822
8.258026234,8.419099403,5.344662964,1.030932536,5.114265213,-0.457744474,2.411648374
4.029030648,6.446854917,7.810335954,0.155789877,4.509879398,-0.883914618,1.18852167
5.497297315,3.962360711,2.600976338,-0.446844977,0.253321007,2.335508217,0.681927887
-10.71092596,-4.19768642,-4.05398403,-1.199197562,-4.571153814,0.738461877,-0.838704175
3.767841888,2.064362656,2.954853651,1.670458528,2.450152561,-2.477805493,-2.197980719
-7.723024943,-7.914393039,-9.1955507,-3.885720821,-7.867157154,1.668107665,-1.57175513
-2.044709846,-5.169487448,0.744581033,0.811282582,-1.77814724,1.02408819,-0.108098839
2.12978252,1.085711518,0.989445938,-1.861288458,-1.961858142,-2.089795852,-1.879327509
-3.93447169,-3.847099139,-5.472277897,-1.737120951,-4.197344183,0.764172576,-2.308981465
7.070724023,6.944012517,5.095901366,-0.863513815,2.399254399,-4.231156199,-0.784353311
4.300865116,1.292126086,-0.550267386,-0.004409307,0.157371211,-0.591257136,-0.530999797
-7.097035634,-3.911502525,-7.245834689,2.224014939,-7.525617738,4.867584374,-3.51522421
2.276628855,3.635661458,-0.462330057,-0.477187998,-4.290308262,2.225872035,-0.864060796
-8.300663852,-3.115470265,-10.04884017,0.041925762,-4.920502778,2.578155308,-1.364764786
11.10486919,-1.420635802,12.77852913,1.329732011,10.63713142,-1.015757437,5.812547947
5.698301942,1.918965037,12.35030334,-0.426159624,9.676802208,-1.269687399,6.387730314
0.152547082,-1.417883133,1.866357459,-0.553350339,-0.760774113,1.742096802,2.295501202
4.675362328,1.116851282,2.43019281,-2.537582455,1.018395786,0.890637875,4.737725661
0.695995325,-3.213066323,4.532307045,1.530937436,5.824475673,-1.799658177,0.742818307
20.09993225,16.75809993,19.11966792,2.110482863,10.74468654,-1.632170967,4.913358756
-0.986125324,-1.711457952,-3.548103717,-1.454850359,-0.876766757,0.458722568,0.010312273
2.936809742,0.278586557,4.563121465,1.008541667,2.560923222,-0.93003733,-1.074569846
2.551101698,5.533204233,2.157470662,-1.901526341,1.873888014,1.636915361,4.839837682
-0.480650465,2.725242604,-3.750212985,-2.153624933,-2.790458605,2.683739372,3.672119261
3.267438845,-0.331110848,3.181369362,1.074619355,3.120354892,-1.63659299,-0.00863716
1.20197195,-0.085642642,2.04050127,0.975793876,4.402199864,1.481023309,4.454615603
3.161691491,-3.537300321,6.054382105,1.922025154,6.912665671,-1.667323255,1.927393261
3.022480391,1.30863212,5.495305169,1.751429337,2.267630117,-1.131008237,-0.184318575
0.53108225,-2.390420118,2.295203593,-0.058050664,-0.246352587,-0.378395849,-1.49938687
0.284885861,-0.800575021,-0.534617873,-2.593381292,-1.349161817,-1.266338997,1.58630552
3.509258733,-2.689418562,1.533528539,-0.104513144,2.282652653,3.278477633,3.849401156
1.65314522,2.556239905,-0.256264865,-1.77599813,-2.679578178,0.30539072,-1.080725273
3.975320311,1.743852947,5.131151844,0.298065122,6.278930889,-2.170817537,3.736846845
-5.877441857,-11.43482646,-5.984642457,-1.206303544,-2.073894725,0.093330594,1.556520512
-9.976557119,-5.238733611,-18.50194923,-1.421497057,-11.83261499,2.719825138,-4.146527519
-4.150439878,-9.590889016,-0.889947755,-1.349560352,-2.799143216,-1.032782811,-2.364365319
1.128544316,6.49246045,-0.946521182,1.387062386,-1.055333145,0.355763767,-3.438032697
-5.393307565,-4.701257046,-2.089504264,-2.300969711,-4.293118921,-1.109207025,-2.075780857
-0.123279632,0.018639122,-0.437254864,0.92385751,-0.272559077,0.156508191,-1.259627388
1.721049855,2.202837091,3.865962743,-3.06064895,0.679689215,2.828315284,5.331229584
-0.251801083,3.686649809,-3.440294093,-0.753393595,-4.954158817,-1.011105403,-2.960792412
-4.470376631,-6.665513514,-3.923327936,-2.248726465,-1.605675756,-0.00298998,1.229438371
-2.038670731,-2.440569872,-1.497155017,-1.691945689,-1.143171559,0.733890377,2.158743549
0.789992145,2.072601833,-0.191673627,1.278141526,3.038945893,-2.083862693,-1.71765779
3.047221026,-5.662235127,2.948639058,-0.691093607,0.312835473,-5.092561678,-4.331016333
-8.744027568,-1.214608741,-9.227136138,0.757565009,-7.200887864,-0.544334731,-5.885669646
-3.634019741,1.591187012,-3.00101542,1.137237839,-3.723539456,0.182634663,-3.420839801
-6.90336104,-4.930430306,-4.599163307,1.383982445,-3.615911029,2.145730262,-2.753274105
7.594251034,5.943223711,3.329892387,2.093171949,0.98928248,1.783871075,-0.531884084
2.065600605,-0.401338541,-2.965453343,1.301701225,-3.274998894,0.413218703,-2.31143356
2.321831924,3.971728692,1.298714083,1.206322469,-0.153081094,0.583278329,0.120722071
5.385384963,3.688077406,6.382475829,0.716878914,3.997395158,-0.411385987,1.171221194
9.827529977,9.109919138,7.319206857,1.377925637,7.316342206,0.371070791,3.959257844
9.075693262,5.741723773,9.117816556,0.701431757,5.460042649,-0.868495988,2.083019723
-0.582359882,-0.666999856,-0.852681934,-1.850765869,-1.201137923,0.809686842,0.707351284
-9.557736739,-5.617325718,-8.761024048,-0.191679219,-5.773964515,1.652040836,-2.756889646
-1.881184892,-2.29884961,-2.881309772,1.707236455,-0.092359456,0.415686709,-1.833210003
-9.165025864,-2.971366813,-4.96520143,0.890104547,-3.165005695,1.797954922,-2.467009102
13.94974303,10.42877916,13.1925807,0.316590064,8.420616694,-2.251276759,3.69823384
7.442081829,6.002110597,7.724063656,-0.756826687,3.496761427,-2.918882441,1.080805603
-3.346821966,-1.123449406,-1.171497696,1.404172786,0.253085207,1.446309764,-0.191990615
-8.775981008,-8.962464282,-9.153749101,-0.473130836,-6.483769103,0.927527426,-3.134691988
-5.697713497,-4.982990947,-8.944056128,-0.815562917,-5.373394676,1.036672033,-1.511617422
-3.218159479,1.362135983,-2.239023006,-0.98822351,0.104969063,-1.817827726,-0.817148956
7.662109801,6.257527535,14.49477146,1.784501596,11.65474131,-0.581141888,6.258990588
7.628934486,6.371158893,1.044599809,-1.099342073,-1.804609201,2.494755425,2.528959852
11.42053209,8.939140257,15.16164179,0.174599737,11.56803038,-3.689423782,5.211783797
9.467436965,5.3639163,12.38209636,1.170044704,7.31982474,-1.068193799,2.992664724
-10.78318938,-5.239563282,-12.09647959,-0.861703361,-7.141471351,-1.724360733,-6.286067638
-2.703100557,2.117063729,-2.586039334,-0.112595485,-2.227258917,2.18129785,1.508169084
8.46570068,10.00450015,8.616063102,-0.51481431,6.422436385,-0.665480262,4.292926899
-0.349492717,-0.67079487,-4.23574381,-1.310125255,-5.012768617,-0.110194281,-1.503756665
2.172871635,1.800795455,6.404971169,-2.240987286,5.349632181,0.888560803,6.106331642
6.861288859,6.303497218,4.193774633,-0.690782962,2.913930386,-0.044737374,2.404815824
-11.84383159,-8.172251364,-8.44292908,0.113550492,-2.628458885,2.095374516,0.197174306
10.90306054,10.01628641,11.86171174,0.332018225,2.513792651,2.345715726,4.402002705
-0.666054501,-1.36198814,-2.816022001,-0.759806732,-1.212841345,3.202703502,1.954132574
8.827270906,7.671043962,12.66021095,0.925370845,10.40459072,-1.412705044,5.865430355
-6.247250936,-4.581713604,-3.194843053,-0.165631577,-5.621433278,3.387066609,-1.78293079
-7.150320414,-2.807958884,-9.610204324,1.974280962,-5.797085678,3.347144313,-3.999535133
-1.848205304,-2.863985248,1.882618575,-0.671814043,2.670018393,-2.973030756,-0.269034353
-7.407584086,-5.704861676,-5.382579313,0.176822164,-0.776501907,0.429249311,0.058071122
-7.499261857,-5.539706966,-6.877035179,-0.661789486,-3.442096253,-0.349018624,-1.997172125
6.397146693,3.017514534,10.71957064,1.316917521,9.76014546,-1.297096416,4.386405632
-7.233503079,-8.08052137,-7.160827981,0.380735908,-3.875394331,0.606341727,-1.367035971
7.938607851,7.566213979,8.422978641,-1.00530112,2.892268659,-5.085353299,-1.723175376
-13.87972637,-8.511548476,-14.46460152,-0.65626698,-9.817442171,2.841004896,-3.696813667
16.31556338,10.50160912,18.55787337,-1.013528146,10.60254236,-1.331732398,6.101523893
1.152047347,1.48798151,2.846660551,-0.702582993,2.895383479,0.348789961,3.023376452
11.01520181,3.336010259,14.28182613,-0.206546103,7.502581818,0.454568904,5.571134845
9.750153634,8.650397658,5.920387583,-1.327531297,1.210260736,2.390273004,3.821396162
-10.46158663,-6.49313434,-12.35299079,-1.995096602,-6.213346261,2.752119975,1.104601743
8.825836883,7.180383498,8.478547725,0.372770546,6.711107807,-1.065260683,2.340845333
-3.248769078,-2.751067665,0.931813133,1.283848757,1.920999797,-0.912843498,-1.200402622
-7.322429978,1.668547826,-3.928672173,2.561727453,-4.412853345,4.937732937,-0.599592672
-9.821471871,-0.825185445,-5.822233238,2.695252787,-1.554635359,2.545054174,-1.647295815
-1.978833882,0.377684809,-5.051224176,-0.78899119,-3.349230356,-0.50910658,-2.593131871
-5.66591116,-1.763514175,-9.295992734,-0.202761051,-8.512548822,3.188825922,-1.361605106
2.738265851,-2.084668493,-2.716827671,0.945988082,-1.752514564,2.859026496,1.356132957
-6.182990076,-8.10798451,-1.729471798,-0.711644495,-1.833600705,2.011022346,1.794966264
-5.136205712,-9.133267662,-7.534227516,-1.395613652,-6.491530865,1.342121765,-3.621093075
11.12655191,11.48813851,7.399930973,1.456184848,3.584965777,-0.571063883,0.204454521
1.823036192,-0.910345848,-4.862296596,0.149832305,-3.58554616,-2.199379504,-3.281614408
5.616886915,5.708523035,6.489896451,-0.912723367,1.165715645,-2.797708179,-1.217084403
-2.758027585,-1.213074769,-0.084271247,1.742701089,-2.519699788,0.937276121,-3.304570713
-7.191555461,-3.65671505,-4.882205883,0.671208217,-7.425836021,3.053280489,-3.363712905
8.347891983,6.861094639,12.69779351,0.492925866,5.159816117,-2.425933254,-0.138027319
9.393440155,8.327396981,3.846293966,1.423742751,2.826204062,0.048661869,0.438359553
8.609415243,5.505888712,10.40464525,0.824097831,8.469211075,-1.503368986,3.558523561
1.075506358,-4.52638775,-3.072718039,-0.457971208,1.464033109,0.851364027,1.933790182
2.640221883,-3.12328172,4.805245395,0.854294413,1.049503631,-0.153118825,-0.874538231
-1.326294862,-2.552225106,6.295635862,1.497708254,7.640885369,-2.482377197,0.14142018
-6.733409152,-1.431340345,-6.5261214,0.022600299,-4.81658989,-1.13527248,-5.054711209
-4.086887684,-5.264231624,-5.515324078,-0.589920379,-4.890197394,-0.991699435,-3.372625327
-9.779184964,-3.185789822,-12.13876941,-1.17367975,-5.076803752,1.71968066,-1.058609613
2.886187008,-1.65150151,4.296230069,1.227058339,2.52270578,1.679418855,1.741919831
-13.00952631,-9.521094586,-13.66516189,0.357718491,-7.391934195,0.518461675,-4.81715532
-12.3543651,-8.496559738,-13.95248471,-1.537462042,-9.459419624,-0.368162073,-6.157414493
0.279268705,3.357668962,-0.080059855,0.867959231,3.390072941,-2.961559415,-1.678778367
5.373650074,3.746492973,4.365027136,0.313324329,1.487927754,2.50785346,2.430971716
0.187641658,1.267398513,-0.688350825,0.627312019,-0.845124683,-1.51411036,-2.845346638
10.94062193,8.739179086,8.023776261,3.35621694,7.606305776,-1.44740324,0.827622307
-3.610694479,-1.942814543,-3.218381217,0.076100662,-0.940780141,3.44100089,2.513386239
-1.137110097,-1.18135076,-0.811483754,0.273970062,1.984897305,0.88452621,3.263112808
-10.35710064,-12.02849782,-8.259356092,1.770182,-4.635963803,0.554655858,-3.390396972
-3.028146174,-6.261496743,-3.049584791,0.359152616,0.445286592,2.179841905,1.935952351
9.219237995,4.161063761,13.13407543,1.599664859,10.90041486,-5.078129685,1.706473749
-11.03755104,-7.85895972,-10.80838219,-0.212345961,-1.462811001,-0.817709828,-1.337585896
0.344819659,-1.796392877,6.131019361,2.247572937,4.449729234,2.496549839,3.265075383
6.198530809,7.377046625,5.873715426,3.490647425,3.207394403,0.930804504,0.029936196
-17.07234569,-8.830848168,-22.32839061,-0.110065277,-9.867404314,0.90747128,-4.784874837
-0.768990939,-0.357600248,-5.343952746,0.73336355,-2.987937917,0.749070187,-2.5079221
1.135283766,-2.448819998,1.977049275,-1.476420085,2.417083039,1.768222783,5.677676737
-0.593721754,-0.660792055,4.752205696,0.387979997,2.468822772,-1.695469676,-0.83548604
-1.36834358,0.955657626,-1.302381382,0.990456473,-0.560273598,0.457369869,-1.32962911
0.273408766,2.537920881,0.965540981,0.605163394,-0.976475201,1.144400337,-0.768629174
-7.34637261,-4.617292138,-6.265774904,-1.534055199,-3.263952668,0.729839223,-0.063898881
-1.721110145,-2.17197484,-2.927127861,-0.055834898,-4.578034142,1.953607311,-2.783618434
2.774692157,0.20715547,-0.889962836,-2.210287568,0.551287774,-2.112551827,0.791983109
-0.242756549,3.392662746,-0.491956978,0.907558023,0.220848503,3.120331476,1.971502149
0.664103858,-2.842245969,2.61683878,-1.278285643,-1.164931726,0.772504868,1.46716933
0.076365469,-1.012176712,0.399820801,-0.720496753,0.495992423,-0.776756069,0.288913965
-0.238774731,1.63944507,-0.11170917,0.450114104,-1.525720875,-0.103968197,-1.093661882
4.579661748,8.94069035,1.986845083,-1.314853889,-0.653333392,0.209567431,0.256689903
-7.550460656,-2.349869329,-5.887165199,-2.035413328,-7.019499931,0.025451255,-2.9381098
12.2136137,7.073182326,10.67335492,-0.859918183,1.943408963,1.351764981,3.325799833
3.637713179,6.060337046,-1.852539491,-0.596378153,-0.532109497,0.792395559,1.836291506
-3.874977956,-5.857165923,-3.415529576,0.367103112,-1.409210965,1.396859325,-0.428306134
3.494139125,-0.064826456,1.660428221,0.327310365,-2.675414646,1.677134805,-1.908655319
5.704385289,3.747147315,3.988002486,-1.517531922,3.270012557,-2.070113049,1.456489902
2.132049982,5.483661257,8.916618432,1.960119137,5.912450304,0.159425648,1.414595455
-6.749538065,-3.026058461,-11.85741348,-1.74115945,-7.654414502,1.208279102,-3.270176896
10.33325506,8.493905182,11.81368067,1.811792554,7.31684186,1.229368388,4.354275701
-12.75134017,-6.072746217,-15.38670891,-2.64838268,-12.46389151,2.562623611,-3.705521124
-1.632673532,-3.774866655,-0.727942044,1.041376055,3.680566929,-1.148886334,1.11359751
-4.947035059,-2.49956894,-4.454803165,-1.504376136,-1.826047155,-3.206816396,-2.364856973
5.399681675,0.767187594,4.956795966,0.581213221,0.974021695,0.971139533,0.540523599
-12.31218022,-3.875077713,-7.570501247,-1.848485898,-9.251318639,0.97741946,-2.777253614
10.30502553,9.945570598,10.07542558,-0.254889569,8.1842749,-3.518400476,2.815277594
-5.507270034,-5.865175515,-4.236491678,-1.141793834,-1.606361711,-0.40889483,-0.581250875
11.83952765,12.8958092,9.834032677,-1.352992661,6.47349269,-1.942427985,2.438576254
-0.738167046,2.636541796,0.588120563,-1.81766252,0.899070492,-0.334336429,0.385428051
9.97005584,3.812338894,6.065751727,1.03758095,3.964109631,-2.567614336,-0.887301621
-10.41649566,-7.894998661,-11.39893255,-4.22201456,-9.638533175,1.214820971,-1.751543841
5.656491047,3.729450634,5.687817135,0.150920331,0.954065781,2.898306624,4.102071098
5.144419028,0.392914304,4.727034741,-1.413283982,2.131746707,-0.82352038,1.39155248
-4.892741882,-3.587833882,-6.101767872,-0.795691694,-5.389308459,3.673450093,0.707824445
-0.99944502,-6.567415036,-0.538800786,-0.252918666,0.191750509,4.232374122,3.71721526
0.263601991,-2.260636936,-5.067307721,-2.619012046,-2.34507096,0.866667055,1.657085247
-2.558385608,-3.981754112,-3.265057167,0.990585149,-2.799855344,2.955221789,-0.055048351
-13.73033661,-4.418244048,-10.13576085,0.022791547,-5.508651671,-1.18759866,-4.031385082
0.504529082,1.847223603,0.883083416,0.66592479,3.191300857,-1.264442388,-0.203117153
-0.449862083,-4.582744243,-5.847443964,1.89436332,-7.550173426,1.729191798,-4.778069764
8.383495997,6.212242072,10.79443896,1.848110875,6.012921802,-2.80337161,0.72697017
-15.19545373,-12.09873498,-16.63832632,-1.410107588,-10.79047083,4.037189004,-1.418440503
5.110854417,1.40012955,1.011362807,0.447335481,2.688355188,-0.129895303,1.412318409
1.066623838,2.320709721,-0.08267598,-1.620481569,-0.401822183,5.166953432,5.586575943
-1.673218396,-3.706363832,-1.37949194,1.373940067,0.282830185,2.289887692,0.306217122
-11.6314613,-8.275331246,-12.62799066,0.292879436,-5.401797318,1.145112216,-2.67170533
-0.3333748,0.856592613,0.153736742,0.587426768,-2.595955744,0.407386585,-2.760851957
-19.0069553,-15.75009282,-13.30886706,-0.57767582,-9.050614671,2.865078835,-4.606749989
0.346476527,0.145018627,-1.102651001,-1.679943999,2.314175097,0.044974202,3.762299496
1.879345677,4.513673772,4.764807631,0.605544201,4.853787092,-1.165670014,2.909842507
-2.218948268,-1.997343422,-1.704969637,-1.099728995,-2.67277908,-1.059355997,-2.065884646
0.197860087,4.365535434,1.899404377,1.728256592,1.055298073,2.917586684,1.556010469
4.947186185,5.411706871,5.09138721,0.873823676,4.201681778,-3.020825437,-0.505592023
-3.749718676,-2.220114861,-7.832907909,-2.521119572,-4.501090512,0.878343515,1.016644211
2.134244517,-0.590465954,3.093936448,0.691268919,3.598339091,-3.264790212,-2.617500923
3.511398375,1.774265655,0.691120366,2.355021312,2.60851443,-1.822112903,-1.870017278
6.400273393,5.036571322,6.736001697,0.57069515,2.990857474,-1.057515144,-0.151823298
1.159925118,2.207259797,-0.502960627,-1.235132618,-1.927534092,1.292626007,2.290449363
-1.314025968,0.28115037,-0.778125207,-1.666354995,-3.15026822,1.201639564,0.297416761
-4.635388452,-8.40690252,0.059487563,0.445889467,0.533453691,-2.592864845,-2.23399977
10.17545381,8.261331825,11.79874816,2.020406708,7.450369675,-1.398916038,2.053819805
-1.560766026,-2.420311119,-0.741994438,-0.723485369,-2.818022478,2.548343807,1.319893304
-3.078088991,-2.188966172,-1.641098369,1.33279501,0.957248408,-0.815753698,-1.774433721
-7.961078738,-6.272769178,-4.031701973,-1.945141729,-2.524489897,-2.013047045,-2.887658243
-6.666404407,-7.444749704,-2.450983195,-1.879408146,0.729021382,0.618648261,2.40994523
-5.580864511,-2.328740655,-2.949818409,-0.122750585,-1.414491047,2.534923443,0.664218473
2.079486938,0.901776911,0.259892863,2.174490597,-0.66594063,-3.565596269,-5.427883918
-2.694869269,-2.082322608,-3.067276472,1.510372396,-4.390068448,1.767591656,-2.359550745
-1.909595781,-2.386120094,-6.04167604,-2.504896963,-1.894671644,0.730811163,0.646500956
-1.984173227,0.760266121,-2.6656739,-0.285901628,0.91389071,-1.666499311,0.084292935
-5.035591981,-3.455679904,-5.902203487,0.322436228,-1.552127071,1.158912117,0.706175366
-8.930482251,-3.84179126,-9.546193498,-0.616368254,-5.757835185,-1.886727514,-4.973779888
-5.55870313,2.903333315,-3.74712667,0.44681177,-2.216431929,1.155881673,-0.431521365
-12.89979872,-10.12264219,-11.35840195,-1.031637014,-7.616657691,0.76895073,-1.3635337
-2.827674275,-4.649864433,0.139537904,-0.147929603,0.060782866,0.404906988,0.198483555
1.034968461,-3.265124859,1.726375187,-1.870357852,0.2802069,-0.016219272,2.263671184
3.09682227,7.006896017,0.131178284,1.746508762,3.083357012,-1.544758873,0.184911945
-9.416415018,-7.097183562,-9.477312917,0.201856147,-5.857411361,1.866888487,-3.493043817
-0.964974148,6.210480597,5.141282499,1.669286197,6.829767117,-2.512674859,2.148441677
11.97152231,9.520240184,9.545267347,-1.842204168,8.594664213,-4.991147082,3.221488838
2.218768039,-0.147107803,1.009367735,1.960011913,-0.515340181,-0.4744309,-2.599308007
-5.050525166,-2.319691526,-4.519226209,-0.704322298,-3.92559437,2.336141175,0.723089262
-3.489008245,-4.609291463,-3.43306445,-1.868028029,-5.641806162,3.912743067,1.814905048
-1.629913907,-1.218039265,-1.457729561,-0.179529414,-1.138696061,0.029678395,-1.697689753
0.7503277,3.038120581,-5.30353795,0.685415229,-2.922811543,4.528162928,2.036800534
-4.156245871,-1.089085441,-5.768512277,0.950473771,-4.609353184,1.063860105,-1.809245224
-20.20993889,-18.46532458,-23.51804421,-3.02970003,-15.98352376,5.56515168,-5.254573818
-4.967928864,-5.94277482,-2.561567705,-0.114788244,-1.33635717,-1.403179928,-1.371788253
-13.15869231,-7.376021357,-14.16360209,-2.350133698,-11.5346495,-0.360036905,-6.219654795
-2.556696845,1.047368603,-4.367696018,-1.47552577,-2.940471129,-1.551942433,-3.396346419
10.30666824,4.139757234,13.32604153,2.545307325,9.142515371,-3.594815789,0.667155442
5.304925721,4.884088985,10.11862103,1.891991225,5.594449817,-1.612015345,-0.425201814
-10.15665758,-6.907425793,-4.803834326,0.849063426,-4.408039719,3.547429284,-1.669214403
-0.950154456,-2.640635834,0.855159155,0.140758774,0.085568938,-3.631755578,-1.661433834
12.16413077,7.83631561,13.31390741,0.878084365,12.31280442,0.40848252,7.177033363
-5.085061856,-4.252313497,-6.307049952,-3.740255134,-5.152027248,2.8501422,2.466565681
-8.462670529,-6.433128256,-6.790725612,-0.010347602,-5.377845906,1.95774154,-2.248294432
7.014886344,5.820069463,6.108450292,3.031362762,4.598728289,0.794806355,1.101473483
4.032834644,7.380288807,4.324625076,1.212616886,1.503608703,-1.104082889,-1.626646367
0.23752866,-2.032762446,0.84967927,0.331881001,1.777572205,-3.324036512,-1.892511615
1.411247839,4.013558477,-0.488553946,2.120557176,-1.243586085,0.510088546,-3.226571586
3.871313387,9.719717092,3.14067278,0.909672485,2.796284134,2.336813891,2.513139719
-5.248015119,-2.960525759,-5.140146589,-0.080854607,-5.756595203,0.865320673,-1.99338037
-5.005179378,2.396468362,-5.449045568,-0.614946917,-6.117510935,1.520754144,-1.010755043
-2.017057213,-4.315832657,-1.923749183,0.35721225,-0.535771932,0.372529737,0.642777126
8.801932226,8.621406992,5.308383852,-0.153178587,4.508102066,-0.734508367,2.358946331
2.431289141,0.384742537,-2.027186448,-1.037281983,-2.950395856,-0.18819983,-2.807619367
-9.19696654,-8.51818348,-7.959727147,0.019805475,-3.414503649,-0.163140157,-1.995068304
-4.955469782,-1.430594195,-1.451657302,-0.535701726,0.120095138,-1.319403042,-1.018012203
7.712679614,11.40335609,8.151337276,1.510027862,9.862101639,-3.577535459,2.233279624
16.63070314,7.260935495,18.66690567,3.127935509,11.57346448,-3.523622897,1.567021148
0.317976669,4.303087645,1.250429643,-0.288956688,-2.595339281,0.251481847,-0.937052462
5.121727147,4.444774353,6.171525228,0.212496298,2.428853098,0.549387278,2.3288216
1.83440947,2.887486883,4.299643171,-0.448796488,3.909920079,-0.108912612,3.774608995
-5.681388684,-3.277428751,-10.36710292,-0.383621386,-7.623181627,3.431093734,-1.802830014
-0.441315812,0.635956528,-0.012800759,-0.905298762,-2.575187631,-2.130885555,-2.369616903
3.624407148,6.620363087,6.295368486,2.052669451,2.236639322,1.158495357,0.171565596
9.691256552,9.041557112,11.04155743,0.679122591,9.586726717,-3.320254807,4.34569906
-8.558991176,-7.482843678,-5.273419926,1.14513246,-1.570638528,-0.008846735,-3.019007422
3.510260577,5.828967944,8.119973993,1.464424696,5.139345447,-0.249346673,1.174729529
0.636695742,-1.19890802,2.520565192,2.884916325,4.189652806,-0.602175272,-1.65435683
-3.354470294,1.533866685,-0.587439881,2.395393668,0.770817417,0.849888661,-0.75837949
-5.70027401,-3.784425941,-8.759839528,-2.235523239,-7.363740191,0.177215117,-3.056629758
-6.592361176,-5.191673745,-8.200317437,-2.253777522,-7.12392116,0.339943599,-2.160494428
-2.850026883,-3.134609354,-3.775221493,1.273482741,-4.452146331,0.660261896,-3.321233285
5.459563484,-0.866512559,10.74188764,2.235650649,3.810633747,-1.03640295,-0.812989179
-1.6876085,5.741828133,0.121776484,1.52652423,3.531173459,-0.864987126,0.286951635
5.225420577,3.553750929,4.753610333,1.747460403,4.585208404,0.93672033,3.372238467
-1.477454312,-1.550525599,-1.209295081,1.786577814,-2.355982688,0.381078237,-3.630470057
3.562949148,2.792297533,2.256720035,1.236754205,2.885001773,-1.654928349,-0.92871779
-6.962896972,2.926101698,-7.195383663,-1.232967884,-3.114531773,-1.900954465,-2.211746914
0.037254262,0.586324142,0.43347151,1.560146448,2.112147916,0.256054407,0.630454037
0.573629246,-0.270283005,-3.94262247,-0.29276327,-1.962626871,-2.563708633,-2.288027322
0.72582457,3.776177068,1.163530826,-2.17811568,0.397922422,-0.772124222,1.833275458
-4.244754957,-1.383673954,0.11599144,-1.035015709,-1.052966657,1.298420271,2.383882577
14.33328529,4.442693996,12.95172171,3.220151628,6.775463837,-1.271768101,1.427883587
-15.87189745,-7.456704466,-17.16564732,-1.340963204,-13.85572065,3.49186905,-5.945012636
-5.944635994,-2.81794802,-6.39536533,-1.679321349,-5.842391474,1.298757008,-0.307271652
9.185116592,4.97144987,4.324828696,-1.281964504,0.93695164,-1.15219214,1.697759893
-7.422974523,-1.935961109,-8.153741427,-0.600150295,-6.008089964,1.838196234,-3.50377555
11.78771556,3.310039973,11.25976541,2.561188237,8.754811891,-4.477046748,0.889807907
5.133536482,9.080530126,3.519409658,0.179312356,2.922817947,2.551685542,4.305027279
6.618168394,6.657147155,1.741985857,0.756901751,-0.127097645,1.385843207,0.331237341
-7.521174117,-4.681831646,-10.18438021,-1.321314521,-7.949983036,0.596445842,-4.263119205
7.975838221,7.001746841,6.240408138,0.966596377,6.053845005,-1.244130883,1.614791138
4.614512995,2.205487013,6.758675782,1.296521695,5.682319685,-2.444996379,0.565906708
14.16067363,7.3290885,12.93738346,0.166438834,7.847649097,-1.361548433,2.402742728
-1.77489362,-9.786114146,-0.482170671,-0.675160833,0.15323136,0.386097026,1.438604361
5.69654809,1.187294441,6.879620395,3.146806789,5.159161966,-0.102406811,0.660283509
-0.353772078,4.157336736,1.614070458,-0.12291994,2.053763047,-1.554241665,-0.325889655
2.300776132,-0.615148506,2.318209508,-1.138098176,3.072947287,-2.829271352,1.011601092
1.336330979,4.666783635,2.692932074,-1.227164871,0.119296747,-2.512903575,-0.331456009
6.350068827,5.739690541,6.003229865,1.711446795,5.921845527,0.839528695,3.540206597
-2.450791575,2.24490777,-3.588197445,0.823879789,-0.658879199,3.646906671,2.330333221
0.337148221,3.445251972,3.336071545,-2.118246063,-1.141281907,0.2824563,1.102122149
4.681363477,7.719503764,6.598214426,1.451879197,4.988382994,1.662713656,3.36919875
5.729452056,1.622385811,8.069458854,-2.47361761,6.765214364,-2.577060263,5.265121527
-0.698828078,-1.103315744,-2.249048452,-0.579587461,-0.69822179,-2.442729569,-1.425611322
-0.5006551,-0.498190943,-7.17959821,-0.747512122,-3.181637011,0.323610091,0.197714295
5.742564334,-1.518504581,8.502164353,2.351500215,7.452536791,1.182653916,3.707544269
-1.275403576,-0.748407393,0.51901154,1.698979838,1.470602057,0.176276854,-0.412302063
4.498147144,5.45030574,4.645041647,0.375027396,4.125523606,-0.092720082,1.348324171
10.90304449,6.06757858,8.875195207,0.630268237,8.012035934,-1.017319109,4.587772567
4.853423946,3.013053879,0.335749725,-0.970497085,-0.48086276,1.988740928,3.375363712
5.152051678,0.688769308,5.182315889,2.13297038,1.755864835,2.7481725,1.855102795
-5.030080257,-1.633130105,-3.696953766,-1.283524901,-0.574516096,-1.120578418,0.348252579
4.371962093,1.609304242,3.201877135,-2.419814231,0.942164954,1.920576804,3.576295438
-7.516441265,-2.943399305,-4.421644725,-0.385627729,-4.123132125,-0.223730257,-2.455044693
-5.542487213,-5.857571785,-3.162635709,0.556125026,0.833644207,-0.316610339,0.095342906
-6.128640831,0.351326767,-5.218239897,-0.911695638,-6.781991751,1.122131888,-3.547179932
-8.644768617,-6.264316956,-10.35208267,0.107956411,-8.79826409,2.110458423,-3.106094334
6.494593121,3.863373375,6.594313838,1.186842369,8.34573179,-5.424176479,0.296328063
-16.23812454,-12.96497663,-15.47296143,-3.443808321,-9.343055711,0.765157648,-3.476109459
-2.632293569,0.345867188,-0.72626585,-1.236972132,-3.367831324,3.07143885,2.880413612
3.972811732,6.115624283,2.62684423,-0.266784212,2.884501417,-0.407836762,1.983156931
5.349857006,-1.292042469,0.347434598,0.819964839,-0.096983815,4.840008598,2.583412785
-2.49949392,-0.740424463,-2.960372729,-1.802940677,-2.567305527,0.585172889,0.178781843
-9.058640448,-6.5191504,-5.947774235,-0.392408897,-2.511046973,0.791975392,-1.540320262
-6.163135313,-5.253513924,-4.200844629,-3.766837571,-2.676249006,-1.829346307,0.05727802
2.701524785,0.551092519,4.418887062,0.202764435,3.954955102,-3.939246199,-1.234949414
6.848923696,0.158120573,4.748016005,1.346465766,5.495339683,-0.401657475,2.553074868
